lat_Alaska,lon_Alaska,lat_Alabama,lon_Alabama,lat_Arkansas,lon_Arkansas,lat_Arizona,lon_Arizona,lat_California,lon_California,lat_Colorado,lon_Colorado,lat_Connecticut,lon_Connecticut,lat_Delaware,lon_Delaware,lat_Florida,lon_Florida,lat_Georgia,lon_Georgia,lat_Hawaii,lon_Hawaii,lat_Iowa,lon_Iowa,lat_Idaho,lon_Idaho,lat_Illinois,lon_Illinois,lat_Indiana,lon_Indiana,lat_Kansas,lon_Kansas,lat_Kentucky,lon_Kentucky,lat_Louisiana,lon_Louisiana,lat_Massachusetts,lon_Massachusetts,lat_Maryland,lon_Maryland,lat_Maine,lon_Maine,lat_Michigan,lon_Michigan,lat_Minnesota,lon_Minnesota,lat_Missouri,lon_Missouri,lat_Mississippi,lon_Mississippi,lat_Montana,lon_Montana,lat_North Carolina,lon_North Carolina,lat_North Dakota,lon_North Dakota,lat_Nebraska,lon_Nebraska,lat_New Hampshire,lon_New Hampshire,lat_New Jersey,lon_New Jersey,lat_New Mexico,lon_New Mexico,lat_Nevada,lon_Nevada,lat_New York,lon_New York,lat_Ohio,lon_Ohio,lat_Oklahoma,lon_Oklahoma,lat_Oregon,lon_Oregon,lat_Pennsylvania,lon_Pennsylvania,lat_Rhode Island,lon_Rhode Island,lat_South Carolina,lon_South Carolina,lat_South Dakota,lon_South Dakota,lat_Tennessee,lon_Tennessee,lat_Texas,lon_Texas,lat_Utah,lon_Utah,lat_Virginia,lon_Virginia,lat_Vermont,lon_Vermont,lat_Washington,lon_Washington,lat_Wisconsin,lon_Wisconsin,lat_West Virginia,lon_West Virginia,lat_Wyoming,lon_Wyoming
70.0187,-141.0205,35.0041,-88.1955,33.0225,-94.0416,36.9993,-112.5989,41.9983,-124.4009,37.0004,-109.0448,42.0498,-73.4875,39.7188,-75.7919,30.9988,-87.605,34.9974,-85.6082,19.5158,-154.6284,40.5848,-95.7623,49,-117.0319,42.5116,-90.629,41.7611,-87.5253,40.0034,-102.0506,36.4986,-89.5372,33.0225,-94.043,42.0003,-72.7789,39.722,-79.4778,45.3425,-71.0129,48.3033,-88.3713,43.5008,-96.4517,40.6181,-91.7468,35.0041,-90.3049,44.475,-111.0512,33.7963,-78.485,48.9955,-104.0501,42.9986,-104.0543,45.0153,-71.5045,41.3572,-74.695,36.9971,-109.0448,41.9922,-120.0037,42.5142,-79.7624,38.4385,-82.3425,37.0015,-103.0051,46.2587,-124.2444,42.3261,-80.5174,41.3706,-71.0568,32.0488,-80.7001,45.9435,-104.0501,36.6739,-88.0678,31.8659,-106.5715,36.9982,-114.0491,36.6017,-83.6753,45.0104,-73.3427,49.0023,-123.3208,42.5116,-90.6303,39.7188,-79.4765,41.0037,-104.0556
70.1292,-141.7291,34.9918,-85.6068,33.0075,-91.2057,37.0004,-110.863,42.0024,-123.6237,36.9949,-102.0424,42.0511,-73.4247,39.521,-75.7837,30.9964,-86.5613,34.9906,-84.7266,19.8894,-154.8235,40.5785,-93.5445,49.0018,-116.0486,42.4924,-87.0213,41.7611,-84.809,40.0034,-102.0506,36.5074,-89.301,33.0179,-93.0048,42.033,-72.7405,39.722,-78.36,45.3328,-70.9525,48.0101,-87.605,43.5017,-91.2195,40.5597,-91.6809,35.0075,-88.1955,44.7311,-111.3684,34.8037,-79.6742,45.9445,-104.0446,41.0027,-104.0543,45.0532,-71.4977,41.3394,-74.6559,31.3337,-109.0489,42.0003,-117.9602,42.7783,-79.0672,38.5707,-82.2917,36.503,-103.0037,46.2634,-124.0384,42.3961,-80.0821,41.3706,-71.0541,32.0453,-80.8978,43.0026,-104.0529,36.6354,-87.8522,31.7504,-106.5042,37.0026,-109.0462,36.6519,-83.5613,45.0134,-73.1827,49.0027,-123.0338,42.4954,-87.0241,39.2057,-79.4806,44.9949,-104.0584
70.4515,-144.8163,32.8404,-85.1756,33.118,-91.1989,37.0004,-109.0475,42.0126,-123.1526,41.0006,-102.0534,42.0371,-72.8146,38.9081,-75.7288,31.0035,-85.5313,34.9895,-84.158,20.1849,-155.0391,40.6129,-91.7372,47.9752,-116.0445,41.7641,-87.2067,39.0981,-84.8199,36.9927,-102.0438,36.5008,-88.6871,33.0087,-91.1646,42.033,-72.3779,39.722,-75.7878,45.2294,-70.8618,46.8902,-84.8584,43.8226,-91.3101,40.5472,-91.626,34.8882,-88.0994,44.6198,-111.5071,34.8206,-80.8003,45.934,-96.5671,41.0006,-102.0506,45.091,-71.4619,40.9934,-73.894,31.3349,-108.214,42.0003,-117.0264,42.8508,-78.9313,38.5965,-82.1722,36.4986,-100.0003,46.2891,-124.0205,42.5167,-79.7621,41.6339,-71.1447,32.1105,-81.1134,42.9946,-98.4993,36.6023,-83.6787,31.6242,-106.3092,40.9986,-109.0503,36.6673,-83.4432,45.0153,-72.7432,49.0018,-122.065,43.3721,-87.1477,39.4871,-79.0576,44.9998,-111.0539
70.7471,-148.4583,32.2593,-84.8927,33.1824,-91.1041,31.3325,-109.0503,42.0075,-122.0073,40.9996,-109.0489,41.9983,-72.8174,38.5911,-75.7068,31.0012,-85.1193,34.9996,-83.1088,20.391,-155.5952,40.5545,-91.6768,47.5765,-115.6915,41.7611,-87.5226,39.0533,-84.8927,36.9982,-94.6211,36.4931,-88.0568,32.9269,-91.2209,42.0228,-71.7984,39.5655,-75.7809,45.3917,-70.8247,46.6362,-84.765,43.9651,-91.4914,40.4658,-91.5463,34.7044,-88.1241,44.5386,-111.4673,34.9377,-80.788,46.3242,-96.6028,40.0034,-102.0493,45.152,-71.4276,40.8398,-73.9586,31.7795,-108.2071,42.0003,-115.73,42.9061,-78.9024,38.7712,-82.1997,34.562,-99.9934,46.2407,-123.9368,42.0003,-79.7607,41.6791,-71.1942,32.2058,-81.1423,42.9283,-98.4444,36.5946,-81.9402,31.4638,-106.2103,41.0006,-111.0471,36.7108,-83.308,45.0134,-72.61,48.9973,-121.7491,43.6838,-87.123,39.4394,-78.9725,40.9986,-111.0457
70.7923,-151.1609,32.1535,-85.0342,33.3053,-91.1343,31.3325,-111.0718,41.9962,-121.2369,37.0004,-109.0448,42.0044,-72.7638,38.46,-75.6944,31.0023,-85.0012,34.9287,-83.1418,20.8614,-155.793,40.5451,-91.6246,47.5487,-115.7574,39.6417,-87.5336,38.8996,-84.8625,38.8803,-94.6046,36.6695,-88.0692,32.8773,-91.122,42.0085,-71.8011,39.3152,-75.7617,45.4274,-70.7808,46.4606,-84.5563,44.1113,-91.7084,40.3675,-91.4337,33.6661,-88.2573,44.5151,-111.8285,35.1019,-80.9377,46.6636,-96.7978,39.9992,-95.3091,45.2043,-71.396,40.7691,-74.0094,31.783,-106.5317,41.9952,-114.0436,42.9554,-78.9313,39.0181,-82.0294,34.3763,-99.6172,46.2388,-123.8681,41.9983,-75.358,41.7611,-71.2793,32.3846,-81.1821,42.8438,-98.1958,36.6144,-81.9209,31.3912,-106.0181,41.9993,-111.0498,36.7389,-83.1974,45.0075,-72.5551,48.9991,-121.5912,44.1694,-86.9911,39.6438,-78.7747,41.0006,-104.0556
71.147,-152.6221,31.7947,-85.1358,33.4211,-91.1646,32.4935,-114.8126,41.9983,-119.9982,,,42.036,-72.7563,38.4482,-74.8608,30.9364,-84.9847,34.8318,-83.3025,21.0948,-156.1858,40.3622,-91.4365,47.4239,-115.7595,39.3566,-87.5308,38.8312,-84.8268,39.0789,-94.6143,36.6343,-87.8535,32.8358,-91.1481,42.0197,-71.385,38.9498,-75.7329,45.383,-70.638,46.4525,-84.478,44.2806,-91.8951,40.1663,-91.5161,31.8939,-88.4756,44.5592,-111.8848,35.0356,-81.0379,46.8602,-96.7896,40.2397,-95.4808,45.2362,-71.4455,40.6994,-74.0231,32.0034,-106.6223,38.2856,-114.0546,42.9584,-78.9656,38.875,-81.8729,34.4137,-99.5787,46.2691,-123.739,41.9431,-75.2673,41.7775,-71.3315,32.4576,-81.1986,42.7773,-98.0571,36.6111,-81.6518,31.1846,-105.7874,41.9901,-114.0395,36.7433,-83.1363,45.009,-72.4562,49.0009,-119.6082,44.4828,-86.8579,39.5369,-78.6703,,
71.1185,-153.9954,31.52,-85.0438,33.4337,-91.2263,32.5184,-114.8099,39.0021,-120.0037,,,42.0368,-72.6945,38.8654,-74.8526,30.8845,-84.9367,34.7281,-83.356,21.3597,-156.6595,40.4637,-91.3623,47.3109,-115.535,39.1386,-87.6517,38.7841,-84.8145,39.1971,-94.6184,36.6265,-86.5654,32.7642,-91.1412,41.8961,-71.3837,38.4611,-75.6944,45.5092,-70.719,46.4894,-84.445,44.371,-91.9556,39.9866,-91.49,30.8657,-88.418,44.5229,-112.1127,35.1457,-81.0324,46.9503,-96.7896,40.313,-95.647,45.2372,-71.3878,40.6786,-74.0437,31.9999,-103.0696,36.1955,-114.0491,42.9886,-79.0219,38.9359,-81.7644,34.3763,-99.429,46.252,-123.6868,41.8696,-75.1794,41.7918,-71.3425,32.5283,-81.2769,42.7631,-97.9761,36.3295,-81.7163,31.0012,-105.5663,37.0015,-114.0504,36.8032,-83.1047,45.0037,-72.3113,49.0005,-118.0378,44.8792,-86.6876,39.521,-78.5742,,
71.4307,-154.8853,31.3384,-85.0836,33.5403,-91.2524,32.5827,-114.8044,37.5555,-117.9575,,,42.0309,-72.6086,38.8451,-75.0504,30.8409,-84.9271,34.6569,-83.308,21.4748,-157.1182,40.5482,-91.4021,47.2606,-115.3235,38.9445,-87.5157,38.7905,-84.8941,39.1673,-94.7255,36.5979,-83.6375,32.6382,-91.1536,41.8982,-71.3411,38.4482,-74.8581,45.6544,-70.5721,46.5008,-84.4203,44.4357,-92.2083,39.8634,-91.4447,30.1594,-88.385,44.5367,-112.327,35.166,-81.3867,47.13,-96.8335,40.4302,-95.6689,45.271,-71.3617,40.6515,-74.0808,36.9982,-103.0023,36.1334,-114.0985,43.0568,-79.0027,39.1865,-81.7397,34.4534,-99.3823,46.2596,-123.6456,41.7713,-75.0586,41.8225,-71.3507,32.5838,-81.4087,42.8599,-97.8566,36.3516,-81.7973,30.8456,-105.4015,,,36.8302,-83.1033,45.0066,-72.0964,48.9996,-117.0319,45.2343,-86.2523,39.521,-78.4644,,
71.5232,-156.7529,31.2093,-85.107,33.6112,-91.1797,32.6246,-114.7992,36.3594,-116.3699,,,42.0269,-72.6059,39.0565,-75.1678,30.7902,-84.9257,34.5744,-83.1528,21.5515,-157.5247,40.6931,-91.1124,47.1888,-115.2878,38.7294,-87.5047,38.7809,-84.9861,39.2759,-94.8793,36.686,-83.3423,32.5804,-91.1069,41.8358,-71.337,38.02,-74.9721,45.7292,-70.3894,46.4989,-84.3956,44.5513,-92.336,39.7283,-91.3623,30.0905,-88.8327,44.4475,-112.3901,35.1985,-82.2739,47.2345,-96.8335,40.59,-95.75,45.3029,-71.2834,40.6421,-74.1357,36.9982,-109.0475,36.1068,-114.126,43.0769,-79.0727,39.2812,-81.568,34.3616,-99.2505,46.2577,-123.5468,41.6729,-75.0366,41.8512,-71.337,32.6926,-81.4183,42.8518,-97.229,36.2974,-81.9072,30.6462,-105.0032,,,36.8544,-83.0704,45.007,-71.9131,47.9614,-117.0415,45.4418,-86.7535,39.6015,-78.4094,,
71.2796,-157.9449,31.0023,-84.9944,33.6855,-91.2524,32.67,-114.7474,35.0075,-114.6368,,,42.0269,-72.5784,39.2525,-75.3236,30.7489,-84.9147,34.4839,-83.0072,21.8832,-157.8186,40.8107,-91.1028,47.1542,-115.2493,38.6115,-87.6146,38.6877,-85.1797,39.5612,-95.099,36.7466,-83.1377,32.6093,-91.008,41.8245,-71.3493,38.0275,-75.2316,45.7924,-70.4169,46.5093,-84.375,44.6501,-92.6367,39.6861,-91.3074,30.2104,-89.187,44.4896,-112.7293,35.2041,-82.3933,47.4132,-96.8555,40.6827,-95.8543,45.2507,-71.2299,40.6452,-74.1962,,,36.0891,-114.115,43.122,-79.0713,39.4022,-81.4444,34.2129,-99.1818,46.2672,-123.4863,41.6021,-75.0641,41.888,-71.3397,32.8242,-81.4746,42.8075,-97.2057,36.1212,-82.0308,30.3847,-104.8521,,,36.8478,-83.0127,45.0138,-71.5636,46.506,-117.0394,45.4438,-87.1024,39.6395,-78.3517,,
71.2249,-159.6313,30.9953,-87.6009,33.6946,-91.1261,32.7457,-114.7014,34.9659,-114.6382,,,42.035,-72.5729,39.3662,-75.461,30.6993,-84.8611,34.4681,-82.8918,22.3386,-159.218,40.9218,-90.9668,46.9728,-115.0433,38.4944,-87.6544,38.7198,-85.442,39.7283,-94.8807,36.9762,-82.8589,32.4588,-91.0904,41.7816,-71.3342,37.9962,-75.6079,45.9368,-70.2493,46.5069,-84.3386,44.7877,-92.7658,39.5464,-91.1096,30.157,-89.4919,44.4181,-112.8296,35.0637,-82.7765,47.5469,-96.8555,40.8138,-95.8447,45.2391,-71.1818,40.5952,-74.2003,,,36.0313,-114.1534,43.1441,-79.0302,39.346,-81.3661,34.1982,-98.9648,46.2369,-123.4287,41.5086,-74.9927,41.9288,-71.3837,32.9465,-81.5117,42.7157,-96.8486,36.1024,-82.1255,30.2591,-104.7437,,,36.9839,-82.8534,45.0138,-71.5059,46.4274,-117.0394,45.3531,-87.1724,39.6205,-78.2817,,
70.6363,-161.8671,30.9423,-87.5926,33.7883,-91.1412,32.7342,-114.6176,34.9107,-114.6286,,,42.035,-72.4026,39.4542,-75.5592,30.6911,-84.4272,34.4443,-82.8589,22.3374,-159.7508,41.1642,-91.0121,46.8677,-114.9472,38.374,-87.778,38.5653,-85.4091,39.8286,-94.893,37.2894,-82.3192,32.4379,-91.0355,41.7529,-71.2628,37.9951,-75.623,45.9597,-70.3098,46.4927,-84.2905,45.3135,-92.7081,39.4022,-90.9558,30.1796,-89.5757,44.3563,-112.8529,35.0817,-82.7861,47.6506,-96.8774,40.9654,-95.8324,45.2478,-71.1584,40.5566,-74.2195,,,36.0136,-114.2468,43.1801,-79.0576,39.4479,-81.1244,34.1232,-98.7424,46.1817,-123.4287,41.4283,-74.7935,42.0156,-71.3795,33.0098,-81.5034,42.5237,-96.622,36.1434,-82.1475,30.0738,-104.6915,,,37.0086,-82.7971,44.9748,-71.5294,46.3498,-117.0621,45.2401,-87.3193,39.6839,-78.2405,,
70.0843,-163.5809,30.8539,-87.6256,33.77,-91.0451,32.7422,-114.5819,34.8758,-114.6382,,,42.0248,-71.7984,39.4908,-75.5578,30.6509,-83.5991,34.2674,-82.749,22.1493,-160.1422,41.2406,-91.1082,46.7201,-114.7865,38.2856,-87.8371,38.4461,-85.5986,39.8823,-94.9342,37.4934,-82.0308,32.3742,-91.0286,41.6719,-71.1914,37.9464,-75.6436,46.0923,-70.2946,46.4951,-84.2651,45.4505,-92.6532,39.245,-90.7306,30.3326,-89.6457,44.4857,-113.0205,34.9996,-83.1075,47.9918,-97.0601,41.0794,-95.8667,45.2469,-71.1337,40.4877,-74.2552,,,36.0624,-114.3292,43.2482,-79.0604,39.5549,-81.0352,34.1254,-98.557,46.1513,-123.3765,41.3933,-74.707,42.0064,-71.7984,33.0777,-81.601,42.4772,-96.4806,36.1323,-82.245,29.9169,-104.6777,,,37.0442,-82.736,44.9123,-71.4949,46.3384,-117.0277,45.1995,-87.41,39.6935,-78.1732,,
69.3028,-165.2399,30.6745,-87.4072,33.8328,-91.0341,32.7584,-114.5393,34.8454,-114.597,,,41.6832,-71.7874,39.5713,-75.5118,30.5895,-82.5595,34.1254,-82.6831,21.8857,-160.3922,41.4067,-91.0451,46.6984,-114.7549,38.2414,-87.9758,38.2695,-85.751,39.8971,-95.0098,37.6653,-82.2121,32.315,-90.9064,41.6616,-71.1351,37.9529,-75.7288,46.0989,-70.2589,46.5343,-84.2253,45.6083,-92.8482,38.9893,-90.6812,30.5232,-89.7748,44.5905,-113.0713,34.9918,-83.6183,48.1267,-97.126,41.2923,-95.8722,45.2846,-71.1145,40.4762,-74.2264,,,36.1024,-114.3237,43.2812,-79.0837,39.6565,-80.8374,34.0618,-98.4746,46.1494,-123.3051,41.2282,-74.8608,41.675,-71.7874,33.1238,-81.7122,42.7299,-96.6289,36.1168,-82.3521,29.7644,-104.5679,,,37.2664,-82.3494,44.8296,-71.5567,46.2848,-116.9879,45.0784,-87.4443,39.5972,-77.8835,,
69.1782,-166.8768,30.4404,-87.3688,33.9399,-91.0863,32.8167,-114.5095,34.789,-114.5682,,,41.4165,-71.7984,39.6284,-75.5557,30.5682,-82.2134,34.014,-82.5952,21.6025,-160.3249,41.451,-90.7086,46.6325,-114.5874,38.1454,-87.9291,38.2824,-85.8266,39.876,-95.0922,37.8618,-82.4016,32.2616,-90.9723,41.6124,-71.1433,37.9117,-75.8084,46.1342,-70.2466,46.5404,-84.1951,45.8307,-92.7356,38.8697,-90.5878,30.6663,-89.8531,44.7389,-113.1152,34.9918,-84.3201,48.2859,-97.1109,41.4458,-95.9354,45.3058,-71.0843,40.5253,-73.9503,,,36.1434,-114.3896,43.4509,-79.2004,39.8676,-80.7948,34.1414,-98.3743,46.1874,-123.1512,40.983,-75.1355,41.453,-71.7984,33.2065,-81.8289,43.0046,-96.5039,36.0702,-82.4167,29.6475,-104.528,,,37.3046,-82.3027,44.7506,-71.6281,46.2388,-116.9577,45.0987,-87.6379,39.4987,-77.7859,,
68.3344,-168.0414,30.1463,-87.524,34.0208,-90.9256,32.845,-114.4696,34.7269,-114.4968,,,41.3892,-71.8341,39.8106,-75.3937,30.5315,-82.2134,33.8647,-82.3988,21.7276,-159.9939,41.5178,-90.4793,46.6325,-114.4638,37.9788,-88.0225,38.2414,-85.8376,39.9445,-95.2213,37.9908,-82.5073,32.1942,-91.0464,41.5939,-71.131,37.9095,-75.9512,46.1903,-70.2905,46.5272,-84.1779,45.976,-92.5159,38.9722,-90.4504,30.9988,-89.7377,44.8091,-113.2471,35.2131,-84.2885,48.4301,-97.1233,41.5261,-95.9999,44.923,-71.0527,40.4846,-73.8885,,,36.129,-114.5105,43.6311,-78.6909,40.5941,-80.652,34.1118,-98.1793,46.138,-123.0222,40.8554,-75.049,41.3943,-71.8492,33.3443,-81.9319,43.1331,-96.438,35.9669,-82.5389,29.5603,-104.4044,,,37.5054,-82.0136,44.7077,-71.6061,46.2022,-116.9659,45.2217,-87.6956,39.3279,-77.731,,
67.6844,-165.9155,30.1546,-88.3864,34.0856,-90.9036,32.9107,-114.4817,34.6648,-114.4501,,,41.3273,-71.8526,39.8249,-75.4692,30.3883,-82.1997,33.7563,-82.2505,21.6932,-159.4295,41.5908,-90.3419,46.6466,-114.3279,37.89,-88.0458,38.0967,-85.9035,40.0087,-95.3036,38.1778,-82.6392,32.1198,-91.0739,41.4973,-71.1214,37.9464,-75.943,46.271,-70.2466,46.5348,-84.1347,46.0151,-92.3566,38.8868,-90.1813,30.9988,-91.6287,44.7887,-113.3459,35.268,-84.2226,48.553,-97.1425,41.638,-96.0988,44.3592,-71.0143,40.0045,-73.9352,,,36.1467,-114.5215,43.6321,-76.7958,40.6223,-80.5188,34.006,-98.0818,46.098,-122.9398,40.6806,-75.1904,41.3315,-71.852,33.483,-82.028,43.2262,-96.5561,35.9702,-82.6076,29.4719,-104.2067,,,37.538,-81.9681,44.6481,-71.5677,46.1722,-116.9254,45.3367,-87.6462,39.1279,-77.8271,,
67.2933,-164.6082,31.8939,-88.4743,34.1345,-90.9586,32.9741,-114.4803,34.6581,-114.4597,,,41.3309,-71.8938,39.8296,-75.6477,30.3598,-82.1544,33.6695,-82.2217,21.1037,-158.1784,41.7457,-90.2788,46.5135,-114.343,37.7881,-88.0321,38.0232,-85.92,40.0024,-102.0506,38.3761,-82.5952,32.0593,-91.0464,41.3149,-71.0266,37.9529,-76.0584,46.327,-70.204,46.5041,-84.1113,46.0789,-92.2934,38.8269,-90.1154,31.0341,-91.5601,44.9386,-113.497,35.231,-84.1113,48.6765,-97.0999,41.7703,-96.0686,43.7364,-70.984,39.6131,-74.041,,,36.1556,-114.5654,43.9987,-76.4978,42.321,-80.5229,33.8966,-97.9843,46.0551,-122.8848,40.5639,-75.2124,41.3057,-71.9041,33.586,-82.1475,43.3841,-96.5259,36.0602,-82.6378,29.3834,-104.1559,,,37.5139,-81.9259,44.5817,-71.5388,46.1432,-116.9357,45.3869,-87.6956,39.4563,-78.3421,,
66.7789,-164.0149,34.8938,-88.1021,34.1675,-90.9132,33.0317,-114.5256,34.5869,-114.4322,,,41.3103,-71.9302,39.7199,-75.7906,30.3598,-82.0638,33.5963,-82.1558,20.8152,-157.4629,41.8164,-90.2074,46.453,-114.3896,37.6349,-88.1529,37.9594,-86.0477,,,38.503,-82.7477,31.9918,-91.1014,41.159,-70.8316,37.8889,-76.2396,46.4151,-70.0571,46.4189,-84.1457,46.5957,-92.2879,38.7155,-90.1978,31.1106,-91.6273,45.0269,-113.4229,35.2815,-84.0454,48.7326,-97.1356,41.8368,-96.1084,43.5704,-70.9731,39.4744,-74.2209,,,36.1334,-114.6204,44.0965,-76.4388,42.2153,-81.2521,33.8487,-97.8662,45.9588,-122.8189,40.5743,-75.1025,41.1849,-71.7915,33.6878,-82.2437,43.4848,-96.6138,35.9925,-82.7751,29.2948,-103.9774,,,37.4889,-81.9707,44.5533,-71.6006,46.1009,-116.9584,45.3425,-87.8549,39.3407,-78.3408,,
66.581,-165.7507,34.9479,-88.1721,34.138,-90.8501,33.0259,-114.6094,34.5235,-114.3787,,,41.2907,-72.0195,,,30.4877,-82.0226,33.5036,-82.0432,20.6803,-157.2171,41.9023,-90.1538,46.3488,-114.4144,37.5097,-88.0609,38.0102,-86.0944,,,38.5825,-82.8369,31.9498,-91.1865,41.1662,-69.9225,37.9474,-76.3454,46.6956,-69.9994,46.372,-84.1395,47.3072,-90.6564,38.4149,-90.3186,31.1658,-91.5916,45.2749,-113.7085,35.4058,-84.0248,48.7951,-97.1727,41.9677,-96.1372,43.3621,-70.9813,38.9882,-74.6713,,,36.1157,-114.6863,44.1349,-76.3536,41.9962,-81.6806,33.9798,-97.6932,45.9053,-122.8162,40.5013,-75.06,41.2665,-71.4084,33.7609,-82.2437,43.4998,-96.4558,35.9169,-82.8177,29.2804,-103.9128,,,37.4563,-81.98,44.5308,-71.5746,46.0785,-116.9762,45.4813,-87.7945,39.1918,-78.4341,,
66.2867,-167.5745,34.9107,-88.1461,34.2311,-90.9325,33.0317,-114.6588,34.4601,-114.3869,,,41.2618,-72.0827,,,30.6308,-82.0473,33.3707,-81.9484,20.3408,-156.8285,42.0962,-90.1744,46.2682,-114.4611,37.4149,-88.4152,38.0578,-86.2729,,,38.7316,-82.9015,31.8262,-91.3101,41.3201,-69.7948,37.9669,-76.4154,47.455,-69.2303,46.3218,-84.1058,47.2885,-89.9615,38.2597,-90.379,31.2304,-91.6589,45.4447,-113.7964,35.4719,-83.9424,48.9081,-97.229,42.033,-96.2402,43.2942,-70.903,38.8664,-74.8553,,,36.0979,-114.7742,44.1989,-76.3124,41.9962,-81.7094,33.8841,-97.4529,45.8824,-122.7887,40.4208,-75.0655,,,33.8305,-82.3576,45.2981,-96.4545,35.8623,-82.9042,29.2481,-103.8208,,,37.4389,-81.9374,44.4955,-71.5883,46.0537,-116.9433,45.5679,-87.7945,39.1652,-78.4053,,
66.0269,-168.9862,,,34.3446,-90.6935,33.0904,-114.7096,34.45,-114.3361,,,41.1962,-72.4322,,,30.6757,-82.0514,33.2077,-81.8303,20.2931,-156.5456,42.1441,-90.2692,46.1227,-114.5105,37.2828,-88.5086,38.0935,-86.2811,,,38.7027,-83.0196,31.7947,-91.3527,41.8133,-69.7398,38.0146,-76.4703,47.4132,-69.0381,46.3147,-84.1203,48.012,-89.4919,37.9572,-89.9341,31.2656,-91.6452,45.614,-113.8403,35.5166,-83.8559,48.9982,-97.2331,42.1155,-96.2746,43.2272,-70.8083,38.8472,-75.0476,,,36.058,-114.7357,44.2049,-76.2437,41.677,-82.3961,33.8282,-97.4611,45.8173,-122.7969,40.4072,-74.9776,,,33.9308,-82.5018,45.4601,-96.7429,35.7755,-83.0017,29.1378,-103.564,,,37.3592,-81.9319,44.4504,-71.6556,45.996,-116.9165,45.6764,-87.7876,39.0299,-78.5715,,
65.497,-168.9478,,,34.4409,-90.5603,33.2065,-114.6849,34.4375,-114.3031,,,41.0866,-73.0007,,,30.7111,-82.0377,33.1674,-81.7795,20.1643,-156.1418,42.2905,-90.4298,45.8585,-114.4418,37.1428,-88.4221,38.1346,-86.2729,,,38.619,-83.1418,31.623,-91.3925,42.1939,-70.0337,38.0275,-76.517,47.2578,-69.0504,46.2672,-84.1148,48.0193,-89.7583,37.6925,-89.5331,31.2609,-91.5436,45.6908,-113.9722,35.5512,-83.6938,48.9946,-104.0501,42.2021,-96.3583,43.1411,-70.8261,39.0565,-75.1685,,,36.0447,-114.7522,44.2413,-76.1655,41.6709,-82.6845,33.8237,-97.3622,45.7637,-122.7585,40.3392,-74.9432,,,33.965,-82.5471,45.616,-96.8472,35.7131,-83.2393,29.0682,-103.4692,,,37.3134,-81.8619,44.4093,-71.7146,46.0008,-118.033,45.7934,-87.9936,39.016,-78.5522,,
65.042,-167.4756,,,34.5348,-90.5548,33.2846,-114.722,34.4024,-114.2674,,,41.0255,-73.2493,,,30.7371,-82.0514,33.1456,-81.7424,19.9308,-156.2393,42.4093,-90.537,45.7742,-114.5654,37.0585,-88.499,38.1842,-86.3704,,,38.5986,-83.2819,31.6218,-91.5134,42.2173,-70.5144,38.0751,-76.5363,47.1748,-68.8843,46.2563,-84.0969,48.0285,-89.9931,37.4007,-89.4287,31.3724,-91.5271,45.5631,-114.1315,35.568,-83.5181,,,42.2448,-96.3281,43.1,-70.7671,39.2525,-75.325,,,35.9691,-114.7412,44.2973,-76.1353,41.9585,-83.1157,33.9001,-97.2166,45.6851,-122.775,40.2628,-74.8389,,,34.0947,-82.6625,45.8202,-96.5849,35.5635,-83.4961,29.0105,-103.3154,,,37.2872,-81.7987,44.3975,-71.7957,45.9998,-118.9867,45.8077,-88.1145,38.8846,-78.7843,,
64.3922,-167.0142,,,34.5959,-90.5768,33.3546,-114.6973,34.3559,-114.1864,,,40.9509,-73.6132,,,30.7678,-82.0102,33.0881,-81.6078,19.2826,-156.1432,42.5217,-90.64,45.6745,-114.5229,37.1428,-88.7256,38.0416,-86.5187,,,38.6941,-83.5291,31.5668,-91.431,42.4133,-70.6984,38.1464,-76.6063,47.2643,-68.6206,46.2411,-84.1093,48.0827,-90.0261,37.2784,-89.5386,31.4099,-91.5161,45.5525,-114.2358,35.6327,-83.3849,,,42.389,-96.4188,43.0498,-70.697,39.45,-75.5544,,,35.898,-114.7028,44.3327,-76.0474,41.7314,-83.4219,33.7426,-97.1645,45.6505,-122.753,40.1495,-74.7221,,,34.1664,-82.7216,45.9311,-96.5643,35.5501,-83.6938,28.9601,-103.1616,,,37.2424,-81.7259,44.3563,-71.8163,45.932,-119.1302,45.8728,-88.0733,38.7669,-78.8722,,
64.0554,-165.7343,,,34.7213,-90.5301,33.4051,-114.7258,34.3049,-114.1383,,,40.983,-73.6606,,,30.7914,-82.0322,33.0075,-81.5034,18.9881,-156.1212,42.636,-90.7127,45.5621,-114.5654,37.2128,-88.9453,37.9193,-86.5874,,,38.6351,-83.6595,31.513,-91.5161,42.642,-70.3647,38.1616,-76.6928,47.3546,-68.335,46.2098,-84.0859,48.1074,-90.1758,37.1734,-89.4452,31.5071,-91.512,45.4592,-114.3347,35.7142,-83.2475,,,42.4731,-96.4037,42.9222,-70.5583,39.4966,-75.5612,,,35.8757,-114.6588,44.3553,-75.9856,41.6944,-84.8021,33.7392,-97.093,45.6064,-122.5937,39.9592,-75.0929,,,34.3434,-82.793,45.9416,-104.0501,35.5233,-83.8284,29.0177,-103.0957,,,37.2008,-81.6792,44.3327,-71.8698,45.9278,-119.1708,45.9521,-88.1982,38.8451,-78.9917,,
64.0193,-163.2294,,,34.7574,-90.5328,33.412,-114.6533,34.2561,-114.1315,,,41.0338,-73.6723,,,30.7997,-81.9717,32.9418,-81.5089,18.71,-155.712,42.6956,-90.7883,45.5439,-114.4666,37.1559,-89.0689,37.8402,-86.6409,,,38.7487,-83.893,31.3701,-91.5244,42.8286,-70.4759,38.167,-76.7601,47.3165,-68.1564,46.1879,-84.0777,48.0955,-90.3502,37.0859,-89.3793,31.5692,-91.4502,45.5439,-114.4652,35.7799,-82.9962,,,42.5369,-96.6357,42.876,-70.6146,39.4998,-75.5283,,,35.8579,-114.7083,44.3749,-75.9196,39.1056,-84.8172,33.9354,-96.9173,45.5679,-122.4426,39.837,-75.2577,,,34.4647,-82.8905,,,35.5065,-83.8847,29.133,-103.0298,,,37.2083,-81.5549,44.3484,-71.9138,45.9402,-119.2559,46.0122,-88.5498,38.7102,-79.0974,,
63.9615,-162.1143,,,34.878,-90.4546,33.5016,-114.5888,34.2595,-114.1651,,,41.1011,-73.7272,,,30.8244,-81.9608,32.6914,-81.4142,18.8829,-155.3673,42.7712,-91.0533,45.4601,-114.3375,37.0376,-89.165,37.9085,-86.6478,,,38.7701,-84.044,31.2598,-91.5477,42.876,-70.6133,38.1637,-76.8494,47.1038,-67.8804,46.1508,-84.0097,48.1074,-90.4834,36.9938,-89.2859,31.623,-91.5147,45.5583,-114.5668,35.8445,-82.9276,,,42.6057,-96.7099,42.8599,-70.8467,39.5411,-75.5338,,,35.8267,-114.6973,44.3994,-75.873,39.1407,-84.7444,33.8704,-96.8527,45.5756,-122.3712,39.8128,-75.4321,,,34.476,-82.9893,,,35.4014,-84.0248,29.2157,-102.8677,,,37.2588,-81.4988,44.3386,-71.9865,45.9354,-119.3047,45.997,-88.7036,38.6555,-79.1029,,
63.6877,-163.6029,,,34.8454,-90.3529,33.5317,-114.5599,34.2044,-114.2249,,,41.2153,-73.4834,,,30.8056,-81.8893,32.5815,-81.4087,19.2048,-154.8839,42.8448,-91.0904,45.5468,-114.2441,36.9894,-89.2873,37.9085,-86.6876,,,38.8119,-84.2184,31.2692,-91.6425,42.8619,-70.844,38.208,-76.9482,47.0664,-67.7898,46.118,-84.007,48.1175,-90.5644,37.0311,-89.1829,31.6253,-91.3966,45.6755,-114.5215,35.9224,-82.8191,,,42.6532,-96.6893,42.886,-70.9195,39.5761,-75.509,,,35.8089,-114.7192,44.4308,-75.8221,39.096,-84.5068,33.8271,-96.7484,45.5506,-122.3245,39.8317,-75.6477,,,34.5281,-83.0855,,,35.2905,-84.0276,29.2565,-102.8979,,,37.2456,-81.4856,44.3052,-72.0346,45.922,-119.3644,46.038,-88.8451,38.4106,-79.3007,,
63.453,-165.3717,,,34.869,-90.2911,33.6306,-114.5187,34.1914,-114.2221,,,41.2953,-73.5507,,,30.7914,-81.8372,32.5283,-81.2769,19.5158,-154.6271,42.9082,-91.1398,45.5631,-114.1342,37.1505,-89.4356,37.9821,-86.8236,,,38.9872,-84.3228,31.2328,-91.6603,42.889,-70.9154,38.2748,-76.9908,45.9359,-67.7802,46.1018,-83.9761,48.0928,-90.7471,36.9839,-89.1403,31.7936,-91.3513,45.7733,-114.5641,35.9958,-82.771,,,42.6602,-96.7621,42.8105,-71.0609,39.6237,-75.5708,,,35.6618,-114.6973,44.474,-75.8098,39.0459,-84.4052,33.8202,-96.5602,45.5641,-122.2064,39.7199,-75.7892,,,34.6581,-83.3121,,,35.2322,-84.1113,29.357,-102.8375,,,37.2742,-81.4367,44.2432,-72.0428,45.9172,-119.4386,46.1389,-89.0909,38.46,-79.4792,,
62.4133,-166.3715,,,35.0255,-90.3104,33.6786,-114.5297,34.172,-114.2908,,,41.4906,-73.5329,,,30.7796,-81.796,32.4576,-81.1945,,,43.0609,-91.1549,45.6889,-113.9708,37.2762,-89.5345,37.9464,-86.9019,,,39.1013,-84.4917,31.1917,-91.5848,42.8075,-71.0651,38.3093,-77.0306,45.9177,-67.7527,46.057,-83.9555,48.1588,-90.7759,36.9466,-89.1005,31.8589,-91.2744,45.8613,-114.4391,36.0613,-82.6419,,,42.7147,-96.839,42.8125,-71.142,39.6713,-75.5104,,,35.6037,-114.6478,44.5425,-75.7288,38.9434,-84.2857,33.7769,-96.5053,45.5987,-122.0856,39.722,-80.5243,,,34.7326,-83.3588,,,35.2624,-84.2294,29.4898,-102.8004,,,37.3243,-81.3675,44.193,-72.0662,45.9067,-119.4894,46.3412,-90.1195,38.5342,-79.5314,,
61.6534,-166.9867,,,35.1154,-90.2843,33.7083,-114.494,34.1368,-114.3237,,,42.0493,-73.4875,,,30.7536,-81.6696,32.3185,-81.1642,,,43.1391,-91.1522,45.6102,-113.8403,37.3996,-89.4315,37.9009,-87.0392,,,39.1183,-84.6277,31.1047,-91.6287,42.8226,-71.1337,38.3761,-77.0114,45.7599,-67.809,46.0604,-83.904,48.2402,-90.8405,36.7884,-89.1788,31.9755,-91.1673,45.9989,-114.4817,35.9702,-82.6103,,,42.7571,-96.9763,42.7904,-71.1873,39.7167,-75.4843,,,35.5814,-114.6863,44.6647,-75.5585,38.8055,-84.2432,33.6912,-96.3474,45.6659,-121.8933,42.324,-80.5202,,,34.8318,-83.2983,,,35.2198,-84.2926,29.6881,-102.7002,,,37.2653,-81.2741,44.1349,-72.036,45.9249,-119.5724,46.5664,-90.4147,38.5868,-79.6481,,
60.8556,-166.4429,,,35.1323,-90.1772,33.7609,-114.5036,34.1186,-114.3622,,,,,,,30.7289,-81.6051,32.2151,-81.1436,,,43.2882,-91.0547,45.4409,-113.7978,37.6936,-89.5358,37.7924,-87.1394,,,39.1439,-84.7554,31.0318,-91.5614,42.7873,-71.1859,38.4009,-77.043,45.6208,-67.6524,46.1185,-83.8264,48.2174,-90.9792,36.6288,-89.2035,32.0267,-91.0767,46.1237,-114.5132,35.9547,-82.5677,,,42.8085,-97.2029,42.7349,-71.1832,39.8033,-75.4156,,,35.5233,-114.6533,44.7672,-75.4088,38.7712,-84.0866,33.8522,-96.0205,45.6812,-121.8906,,,,,34.9276,-83.1459,,,34.9884,-84.3201,29.7691,-102.5134,,,37.2719,-81.156,44.0698,-72.058,45.9196,-119.6013,47.2876,-89.9615,38.4869,-79.6962,,
60.5357,-167.8381,,,35.1985,-90.1112,33.8157,-114.5284,34.1118,-114.4089,,,,,,,30.7324,-81.5666,32.1128,-81.1134,,,43.3322,-91.2057,45.272,-113.7085,37.9767,-89.967,37.9464,-87.4429,,,39.0523,-84.8914,30.9988,-91.6397,42.7369,-71.1832,38.3697,-77.0897,45.5987,-67.4533,46.1028,-83.7598,48.0726,-91.3252,36.5449,-89.2516,32.1198,-91.0767,46.2577,-114.4652,36.0236,-82.473,,,42.8458,-97.229,42.745,-71.2463,39.836,-75.2632,,,35.5054,-114.6863,44.8101,-75.3442,38.7519,-83.8916,33.8396,-95.8379,45.7081,-121.8164,,,,,34.9996,-83.1047,,,34.9996,-90.3131,29.7596,-102.3843,,,37.3025,-80.9802,44.0017,-72.1101,45.8565,-119.67,47.31,-90.6578,38.4213,-79.6989,,
59.5482,-167.7118,,,35.2826,-90.1524,33.8545,-114.5325,34.0856,-114.4363,,,,,,,30.7229,-81.5295,32.0477,-80.9225,,,43.414,-91.2236,45.026,-113.4256,38.2587,-90.379,37.9756,-87.5885,,,38.9263,-84.8735,31.0012,-89.7336,42.747,-71.2189,38.3697,-77.1432,45.5044,-67.4176,46.1218,-83.6547,48.0505,-91.5738,36.6188,-89.3532,32.1942,-91.0437,46.3441,-114.4171,36.0669,-82.4194,,,42.8629,-97.3979,42.6986,-71.2972,39.8823,-75.1918,,,35.407,-114.6149,44.8383,-75.3058,38.633,-83.6636,33.8887,-95.7349,45.6966,-121.756,,,,,35.0817,-82.7779,,,35.1233,-90.2843,29.8788,-102.3047,,,37.3396,-80.8566,43.9671,-72.0937,45.8479,-119.8052,46.7079,-92.0352,38.3557,-79.769,,
59.4115,-165.8002,,,35.4383,-90.1332,33.9285,-114.538,34.0276,-114.4336,,,,,,,30.7253,-81.4856,32.05,-80.696,,,43.5008,-91.2305,44.9405,-113.4998,38.6169,-90.2376,37.9225,-87.6283,,,38.7894,-84.8131,30.6686,-89.8517,42.74,-71.256,38.332,-77.2627,45.4823,-67.5014,46.1056,-83.5723,48.1166,-91.707,36.5538,-89.4397,32.2221,-91.0107,46.453,-114.3896,36.1168,-82.3535,,,42.8427,-97.5133,42.7077,-71.7421,40.118,-74.7922,,,35.3218,-114.5929,44.8676,-75.2399,38.6962,-83.5263,33.8841,-95.5426,45.7254,-121.5335,,,,,35.2075,-82.392,,,35.1379,-90.1758,29.7834,-102.1509,,,37.3876,-80.8786,43.9088,-72.1252,45.8278,-119.9096,46.5928,-92.2948,38.2813,-79.7937,,
59.3696,-164.5972,,,35.5579,-90.0206,33.953,-114.5235,34.0117,-114.4652,,,,,,,30.7111,-81.4609,31.8881,-80.7289,,,43.4998,-96.5973,44.7887,-113.3459,38.7573,-90.1744,37.8694,-87.6915,,,38.7691,-84.9957,30.5386,-89.7858,42.6986,-71.2985,38.4525,-77.3135,45.3714,-67.4231,45.9993,-83.4343,48.1963,-91.7166,36.4942,-89.5358,32.315,-90.9132,46.5069,-114.3484,36.1345,-82.2862,,,42.8488,-97.6149,42.7268,-72.459,40.139,-74.7331,,,35.1783,-114.5737,44.9211,-75.1204,38.5976,-83.2736,33.8738,-95.2831,45.6928,-121.3907,,,,,35.1974,-82.2203,,,35.1985,-90.1112,29.7572,-101.7004,,,37.4247,-80.8511,43.8682,-72.1733,45.8245,-119.9652,46.0761,-92.2975,38.1518,-79.9365,,
59.1168,-162.8558,,,35.674,-89.978,34.0049,-114.4748,33.9582,-114.5119,,,,,,,30.7088,-81.4169,31.4697,-80.9665,,,43.4818,-96.611,44.8062,-113.2471,38.8247,-90.1167,37.9236,-87.8879,,,38.6866,-85.1921,30.3148,-89.6347,42.7127,-71.9151,38.5514,-77.2737,45.2768,-67.4863,45.8211,-83.5977,48.2494,-91.9844,36.3594,-89.5331,32.3742,-91.0313,46.6504,-114.3279,36.1467,-82.1461,,,42.8659,-97.8456,42.7621,-72.5098,40.2565,-74.8485,,,35.1199,-114.6094,44.9609,-74.9995,38.6169,-83.1445,33.957,-95.2171,45.7081,-121.3646,,,,,35.148,-81.0379,,,35.2849,-90.1524,29.7644,-101.4917,,,37.3702,-80.7715,43.7899,-72.1994,45.7852,-120.071,46.0132,-92.3579,38.0232,-79.9818,,
58.1185,-162.5427,,,35.7287,-89.9547,34.0299,-114.4308,33.9308,-114.5366,,,,,,,30.7064,-81.2274,30.9988,-81.1011,,,43.3871,-96.5245,44.735,-113.118,38.8846,-90.1799,37.7718,-87.962,,,38.7209,-85.4407,30.1807,-89.5688,42.7309,-72.5441,38.5954,-77.249,45.1297,-67.3434,45.3396,-82.5197,48.3188,-92.0078,36.2509,-89.5345,32.4263,-91.0217,46.6334,-114.4652,36.1035,-82.1228,,,42.747,-97.998,42.8105,-72.5414,40.3361,-74.9419,,,35.1109,-114.6368,44.9803,-74.9899,38.7027,-83.0127,33.867,-95.0496,45.6582,-121.2039,,,,,35.0446,-81.0324,,,35.4372,-90.1346,29.6308,-101.2939,,,37.4749,-80.5518,43.7899,-72.1994,45.7623,-120.1705,45.9769,-92.5227,37.8835,-80.137,,
58.1359,-160.6421,,,35.9169,-89.6594,34.0891,-114.4363,33.9058,-114.5091,,,,,,,30.4345,-81.2357,30.7041,-81.2288,,,43.2232,-96.5533,44.4887,-113.0246,38.968,-90.4504,37.787,-88.0321,,,38.5653,-85.4077,30.1582,-89.496,42.745,-73.2541,38.6373,-77.1281,45.183,-67.2487,43.5918,-82.1221,48.3544,-92.0531,36.0891,-89.61,32.4634,-91.0986,46.6362,-114.5929,36.1268,-82.0267,,,42.8337,-98.145,42.8609,-72.5592,40.402,-74.9721,,,35.0929,-114.6368,44.9852,-74.9103,38.7327,-82.8973,33.7677,-94.8862,45.6083,-121.1957,,,,,35.1019,-80.9322,,,35.5568,-90.0192,29.5269,-101.2582,,,37.4792,-80.5133,43.7384,-72.2392,45.7258,-120.211,45.8135,-92.7466,37.7295,-80.2592,,
58.0285,-159.505,,,35.9658,-89.6883,34.1357,-114.3526,33.8613,-114.5256,,,,,,,30.316,-81.1725,30.7241,-81.6023,,,43.1301,-96.4421,44.3592,-112.8502,38.8654,-90.5905,37.8092,-88.0376,,,38.4461,-85.5972,30.214,-89.1843,42.746,-73.2664,38.6737,-77.1378,45.123,-67.1223,43.0112,-82.4119,48.3599,-92.1561,36.0002,-89.7116,32.607,-91.008,46.7003,-114.7659,36.2797,-81.936,,,42.9293,-98.4485,42.8981,-72.5317,40.424,-75.0627,,,35.075,-114.6039,45.0017,-74.8856,38.5782,-82.8355,33.6695,-94.6692,45.6102,-121.1462,,,,,34.9344,-80.7811,,,35.7343,-89.9547,29.3642,-101.0056,,,37.4247,-80.4803,43.7056,-72.301,45.7057,-120.3628,45.614,-92.8564,37.6795,-80.2881,,
57.6336,-158.8953,,,36.0013,-89.713,34.172,-114.2908,33.8248,-114.5215,,,,,,,29.7763,-81.0379,30.7713,-81.7657,,,42.9243,-96.5479,44.4151,-112.831,39.0405,-90.7086,37.8011,-88.0643,,,38.2748,-85.7455,30.1463,-89.0373,42.546,-73.3406,38.7112,-77.076,44.8315,-66.9672,42.9956,-82.4249,48.3307,-92.2975,35.9958,-90.3735,32.5746,-91.1096,46.8423,-114.9307,36.3527,-81.7987,,,42.9966,-98.502,42.9524,-72.54,40.4898,-75.0613,,,35.048,-114.6259,45.0153,-74.8306,38.3761,-82.5952,33.6386,-94.4852,45.6524,-121.0803,,,,,34.8194,-80.7948,,,35.8579,-89.7638,29.3056,-100.9204,,,37.5097,-80.3018,43.6391,-72.3271,45.6951,-120.4829,45.5477,-92.7754,37.6295,-80.2194,,
56.909,-159.906,,,35.9958,-90.3735,34.2044,-114.2255,33.7597,-114.505,,,,,,,28.8603,-80.5861,30.8221,-81.9498,,,42.7188,-96.6357,44.4887,-112.7266,39.2301,-90.7306,37.8206,-88.0925,,,38.2716,-85.8087,30.0905,-88.8354,42.2671,-73.4436,38.7187,-77.0361,44.7409,-66.8628,42.9579,-82.4236,48.2475,-92.2742,36.1223,-90.2747,32.6394,-91.1536,47.0402,-115.1147,36.3361,-81.7081,,,43.0006,-104.0543,42.9745,-72.4919,40.5733,-75.1067,,,35.0345,-114.6478,45.0046,-74.7633,,,35.3499,-94.4357,45.6582,-121.0144,,,,,34.8048,-79.6756,,,35.918,-89.6635,29.1642,-100.7707,,,37.5359,-80.2798,43.5893,-72.3436,45.7469,-120.5942,45.4293,-92.6587,37.5391,-80.3224,,
56.3926,-160.6531,,,36.1268,-90.2664,34.2595,-114.1685,33.7083,-114.494,,,,,,,28.4771,-80.365,30.756,-82.0239,,,42.6158,-96.5561,44.4504,-112.3901,39.3173,-90.835,37.8223,-88.0451,,,38.2069,-85.865,29.8383,-88.7421,42.1349,-73.4917,38.7766,-77.0416,44.4945,-67.3105,42.9021,-82.4648,48.2228,-92.3717,36.2886,-90.0934,32.7226,-91.1426,47.1888,-115.2933,36.588,-81.6724,,,,,42.9906,-72.4658,40.5639,-75.2138,,,35.003,-114.6423,45.0027,-74.707,,,36.3715,-94.5978,45.6467,-120.9814,,,,,34.2016,-78.956,,,35.9947,-89.713,29.0946,-100.7007,,,37.538,-80.3293,43.5814,-72.3793,45.746,-120.634,45.3029,-92.7136,37.5315,-80.2881,,
56.2342,-161.8835,,,36.2875,-90.0934,34.2572,-114.1301,33.6832,-114.5284,,,,,,,28.1882,-80.3815,30.6379,-82.0459,,,42.5055,-96.4847,44.5347,-112.327,39.3853,-90.9338,37.8483,-88.0575,,,38.0286,-85.9323,29.5758,-88.8712,42.088,-73.5081,38.8451,-77.032,44.3268,-67.9051,42.8543,-82.4689,48.3854,-92.4609,36.3903,-90.0769,32.7873,-91.1426,47.2569,-115.329,36.5659,-80.7234,,,,,43.0127,-72.448,40.6192,-75.2028,,,35.1334,-114.8016,45.0007,-74.5642,,,36.4942,-94.6198,45.6563,-120.943,,,,,33.7951,-78.4836,,,36.0902,-89.6759,28.9012,-100.6306,,,37.6316,-80.2249,43.5027,-72.3972,45.7143,-120.6924,44.9648,-92.7466,37.4988,-80.3032,,
55.724,-162.9822,,,36.3892,-90.0742,34.3037,-114.1397,33.6363,-114.5242,,,,,,,27.1789,-79.9255,30.4866,-82.0239,,,42.4599,-96.3995,44.522,-112.1127,39.5559,-91.1398,37.9041,-88.098,,,37.955,-86.0422,29.1833,-88.9371,42.0483,-73.4985,38.9025,-77.0708,43.8702,-68.6673,42.81,-82.4826,48.4474,-92.5104,36.4213,-90.1538,32.8519,-91.1536,47.3025,-115.5267,36.5438,-80.2977,,,,,43.0287,-72.4713,40.6494,-75.2069,,,37.2303,-117.5153,44.992,-74.1467,,,36.9982,-94.6211,45.6371,-120.91,,,,,33.6489,-78.7871,,,36.1279,-89.5894,28.6593,-100.4974,,,37.6903,-80.3018,43.4988,-72.3807,45.6721,-120.8558,44.7877,-92.7686,37.4182,-80.4776,,
55.2478,-164.3994,,,36.418,-90.1511,34.3664,-114.2276,33.5895,-114.5393,,,,,,,26.8425,-79.8198,30.4309,-82.0363,,,42.3667,-96.405,44.5582,-111.8848,39.7262,-91.3554,37.9307,-88.0705,,,38.0135,-86.1108,28.9649,-89.0359,42.0452,-73.1841,38.957,-77.1395,43.7274,-68.8431,42.7863,-82.4723,48.4611,-92.7122,36.5008,-90.1538,32.8796,-91.1206,47.4253,-115.7547,36.5449,-79.6729,,,,,43.0508,-72.4713,40.8284,-75.0806,,,39,-120.0009,45.0037,-73.7306,,,37.0004,-103.0064,45.6755,-120.8524,,,,,33.2019,-79.0837,,,36.1856,-89.6484,28.4675,-100.3601,,,37.7251,-80.2551,43.415,-72.3999,45.6409,-120.9142,44.653,-92.6422,37.4814,-80.5119,,
54.7753,-165.3168,,,36.4997,-90.1566,34.4012,-114.2633,33.5528,-114.5242,,,,,,,26.1394,-79.9118,30.3575,-82.061,,,42.2722,-96.3446,44.5132,-111.8271,39.857,-91.4406,37.9561,-88.0369,,,38.0643,-86.2756,28.8832,-89.2282,42.0371,-72.8146,38.9773,-77.2335,43.6639,-69.7137,42.7339,-82.4847,48.4984,-92.634,36.4975,-94.6184,32.9257,-91.2195,47.5487,-115.7533,36.5449,-77.2559,,,,,43.0819,-72.4356,40.8429,-75.0998,,,41.9942,-119.9982,45.0085,-73.4203,,,,,45.7445,-120.6052,,,,,32.7607,-79.4476,,,36.2343,-89.7006,28.2778,-100.2969,,,37.7707,-80.2551,43.3601,-72.4123,45.6572,-120.9471,44.5504,-92.3552,37.3691,-80.7715,,
54.1463,-167.1075,,,36.4986,-94.6198,34.4534,-114.3388,33.5311,-114.5586,,,,,,,25.5115,-79.9997,30.3598,-82.1585,,,42.2051,-96.3625,44.5396,-111.4645,39.994,-91.4941,37.9669,-88.0122,,,38.1389,-86.277,28.9048,-89.4754,41.9962,-72.816,39.024,-77.2462,43.5625,-70.0818,42.6855,-82.5032,48.5403,-92.6395,38.9722,-94.6143,32.9995,-91.2085,47.5793,-115.6956,36.5505,-75.7562,,,,,43.104,-72.4452,40.8689,-75.0504,,,,,45.0109,-73.343,,,,,45.7158,-120.531,,,,,32.5225,-79.8116,,,36.2531,-89.5331,28.1882,-100.1733,,,37.8347,-80.1961,43.3591,-72.3903,45.6419,-120.9787,44.4652,-92.2632,37.4214,-80.8635,,
53.5632,-168.5852,,,35.3801,-94.4412,34.493,-114.3608,33.507,-114.5778,,,,,,,24.8802,-80.3815,30.3859,-82.2025,,,41.9983,-96.2416,44.6198,-111.5057,40.1694,-91.512,38.0102,-88.0259,,,38.1864,-86.369,29.121,-89.7418,42.0024,-72.7803,39.0634,-77.3431,42.9182,-70.5569,42.638,-82.5108,48.6393,-93.2066,39.1982,-94.6143,33.0444,-91.2016,47.9771,-116.0458,36.3129,-75.7068,,,,,43.118,-72.4342,40.9913,-75.1369,,,,,44.9874,-73.3547,,,,,45.6966,-120.4733,,,,,32.3556,-80.1508,,,36.2996,-89.621,28.0526,-100.0195,,,37.8749,-80.1508,43.3282,-72.4081,45.6529,-121.0645,44.4024,-92.0654,37.3429,-80.8525,,
53.1402,-169.9146,,,33.6318,-94.4893,34.5292,-114.3811,33.4418,-114.6245,,,,,,,24.5384,-80.8704,30.4842,-82.2148,,,41.9513,-96.1372,44.7292,-111.3684,40.3497,-91.4667,38.0384,-88.0417,,,38.0308,-86.5283,28.9529,-90.1126,,,39.0717,-77.4351,43.0649,-70.7108,42.6036,-82.5307,48.5884,-93.4648,39.1684,-94.7241,33.1192,-91.2016,48.9991,-116.0458,35.7131,-75.4129,,,,,43.1501,-72.459,41.2293,-74.8677,,,,,44.9648,-73.3379,,,,,45.7234,-120.2893,,,,,32.2012,-80.424,,,36.3494,-89.5784,27.9435,-99.9344,,,38.0394,-79.9722,43.2762,-72.3999,45.6078,-121.1469,44.258,-91.8745,37.2872,-81.0516,,
52.5964,-169.5959,,,33.6421,-94.4522,34.5959,-114.4377,33.4142,-114.6506,,,,,,,24.3959,-81.925,30.5682,-82.2162,,,41.7662,-96.0741,44.4759,-111.0539,40.4166,-91.3939,38.053,-88.0005,,,37.9204,-86.5874,28.912,-90.6619,,,39.0792,-77.4636,43.1391,-70.8302,42.5672,-82.5774,48.5439,-93.4621,39.279,-94.8834,33.1835,-91.1041,48.9991,-104.0501,35.2041,-75.472,,,,,43.2052,-72.4329,41.3479,-74.7537,,,,,44.916,-73.3396,,,,,45.7234,-120.2124,,,,,32.05,-80.7001,,,36.3406,-89.518,27.7638,-99.8438,,,38.1302,-79.9448,43.2342,-72.437,45.6083,-121.1847,44.06,-91.6383,37.2598,-81.2741,,
52.9089,-168.2227,,,33.5597,-94.4,34.6547,-114.4569,33.4039,-114.7055,,,,,,,24.4496,-82.2066,30.6131,-82.9688,,,41.6267,-96.0988,43.8623,-111.0471,40.5566,-91.4021,38.0762,-87.9607,,,37.8423,-86.6423,28.9553,-91.0355,,,39.1218,-77.5202,43.2292,-70.8179,42.549,-82.5993,48.5166,-93.8013,39.5612,-95.1086,33.3397,-91.1536,45.0269,-104.0186,34.9794,-76.0748,,,,,43.2562,-72.4384,41.3469,-74.7249,,,,,44.8354,-73.3739,,,,,45.7714,-120.1575,,,,,,,,,36.4964,-89.5345,27.6641,-99.7119,,,38.1972,-79.9063,43.1852,-72.4493,45.6721,-121.2177,43.9612,-91.4941,37.3254,-81.3675,,
54.2139,-162.7734,,,33.5883,-94.2462,34.7506,-114.5297,33.3546,-114.6973,,,,,,,24.5484,-82.3137,30.7041,-84.8639,,,41.4561,-95.9477,42.0013,-111.0471,40.6265,-91.2524,38.1,-88.0163,,,37.9041,-86.6547,29.121,-91.3211,,,39.1804,-77.5092,43.3631,-70.9799,42.5521,-82.6501,48.6284,-93.8356,39.7283,-94.8834,33.4223,-91.1646,45.0153,-104.0186,34.5258,-76.4951,,,,,43.2812,-72.4095,41.3593,-74.696,,,,,44.8013,-73.3324,,,,,45.8211,-119.968,,,,,,,,,36.5107,-89.3051,27.4839,-99.4812,,,38.2684,-79.7882,43.1311,-72.448,45.7057,-121.3392,43.8296,-91.3184,37.2019,-81.5543,,
54.6786,-159.1452,,,33.5872,-94.1885,34.8172,-114.5847,33.3041,-114.7302,,,,,,,24.6982,-82.1997,30.7831,-84.9257,,,41.2819,-95.8804,41.9962,-112.1663,40.6963,-91.1151,38.1313,-87.971,,,37.9864,-86.825,29.2864,-91.9061,,,39.2269,-77.4577,43.5675,-70.9717,42.5354,-82.668,48.6547,-94.2531,39.8296,-94.8944,33.4337,-91.2291,44.9978,-104.0199,34.588,-76.8109,,,,,43.3741,-72.415,,,,,,,44.7419,-73.3667,,,,,45.8498,-119.7839,,,,,,,,,36.4986,-88.1667,27.3059,-99.5375,,,38.3093,-79.8129,43.0679,-72.4507,45.6932,-121.401,43.644,-91.2524,37.1953,-81.6724,,
55.6567,-155.4634,,,33.5345,-94.0375,34.8724,-114.6341,33.2858,-114.7206,,,,,,,25.2112,-81.3977,30.9117,-84.9586,,,41.0338,-95.8653,41.9871,-113.8458,40.8232,-91.089,38.1497,-87.9284,,,37.9095,-87.0406,29.436,-92.7452,,,39.3051,-77.5666,45.3029,-71.0829,42.4746,-82.7257,48.7046,-94.2792,39.8845,-94.9384,33.5414,-91.2524,44.9959,-111.0498,34.5314,-77.1378,,,,,43.4988,-72.3807,,,,,,,44.6139,-73.3873,,,,,45.8575,-119.6658,,,,,,,,,36.4997,-88.0692,27.1948,-99.429,,,38.3589,-79.7662,43.0067,-72.4438,45.7263,-121.5328,43.5167,-91.2305,37.2697,-81.7685,,
57.351,-152.14,,,33.4314,-94.043,34.949,-114.6313,33.2754,-114.6808,,,,,,,25.6019,-81.4622,30.9741,-84.9985,,,40.8346,-95.8365,41.9942,-114.0422,40.9312,-90.9792,38.1734,-87.9387,,,37.7935,-87.1381,29.6009,-93.8177,,,39.3067,-77.6321,,,42.4726,-82.725,48.6982,-94.4467,39.8971,-95.0153,33.6135,-91.1838,44.475,-111.0512,34.391,-77.4481,,,,,43.5127,-72.4013,,,,,,,44.5787,-73.3736,,,,,45.9149,-119.6136,,,,,,,,,36.6871,-88.0637,27.0175,-99.4455,,,38.3513,-79.7401,42.9846,-72.4699,45.7091,-121.6145,43.3342,-91.2085,37.3003,-81.8701,,
59.2209,-150.8203,,,33.0213,-94.043,35.0342,-114.6351,33.2582,-114.6698,,,,,,,25.9235,-81.9456,31.1282,-85.063,,,40.6775,-95.8461,42.0013,-114.8222,41.1642,-91.0162,38.1939,-87.973,,,37.942,-87.4168,29.6749,-93.8631,,,39.3202,-77.7159,,,42.3738,-82.828,48.7861,-94.6925,39.8718,-95.0922,33.6878,-91.2524,,,34.0481,-77.7983,,,,,43.5834,-72.3779,,,,,,,44.4916,-73.3049,,,,,45.9244,-119.5724,,,,,,,,,,,26.8829,-99.3164,,,38.3869,-79.7333,42.9645,-72.5276,45.6947,-121.7361,43.2932,-91.0547,37.3636,-81.9333,,
59.7695,-147.4461,,,,,35.1019,-114.6451,33.2467,-114.6904,,,,,,,26.3439,-82.2876,31.2116,-85.107,,,40.5837,-95.761,41.9973,-115.9126,41.2355,-91.1055,38.2349,-87.9813,,,37.9745,-87.5858,29.737,-93.8933,,,39.3383,-77.7626,,,42.3469,-82.944,48.8756,-94.6788,40.0066,-95.3119,33.6969,-91.1261,,,33.7666,-77.926,,,,,43.642,-72.3134,,,,,,,44.4289,-73.2953,,,,,45.911,-119.5258,,,,,,,,,,,26.6867,-99.2065,,,38.4321,-79.6893,42.8951,-72.5331,45.7067,-121.8095,43.1651,-91.1865,37.4574,-81.9772,,
60.3521,-145.985,,,,,35.1233,-114.619,33.172,-114.6794,,,,,,,26.9098,-82.5307,31.5247,-85.0493,,,,,41.9962,-117.014,41.417,-91.0368,38.2608,-87.9421,,,37.8749,-87.6929,29.793,-93.9304,,,39.381,-77.7544,,,42.3382,-82.955,49.0955,-94.7488,40.246,-95.4794,33.7883,-91.1426,,,33.7963,-78.4863,,,,,43.6758,-72.3024,,,,,,,44.3513,-73.3365,,,,,45.9378,-119.2676,,,,,,,,,,,26.4116,-99.0967,,,38.4987,-79.6948,42.8639,-72.5633,45.6452,-121.9338,43.0257,-91.1536,37.4912,-82.0308,,
59.8917,-144.1544,,,,,35.1716,-114.5682,33.0904,-114.7083,,,,,,,27.3315,-82.8342,31.8006,-85.1358,,,,,42.0013,-117.0264,41.4458,-90.8487,38.2759,-87.8604,,,37.9215,-87.8906,29.8216,-93.9276,,,39.4288,-77.7602,,,42.3098,-83.0779,49.1889,-94.7955,40.3256,-95.6635,33.77,-91.0437,,,,,,,,,43.7036,-72.3079,,,,,,,44.2757,-73.3118,,,,,45.9168,-119.1687,,,,,,,,,,,26.3574,-98.8138,,,38.5857,-79.6495,42.7863,-72.5098,45.6088,-122.0451,42.9082,-91.1426,37.6142,-82.1558,,
59.8172,-141.6811,,,,,35.3364,-114.5984,33.0858,-114.6918,,,,,,,27.7565,-83.0182,31.9592,-85.0919,,,,,43.782,-117.0277,41.4417,-90.7251,38.3029,-87.8302,,,37.7761,-87.9552,29.8883,-93.837,,,39.4367,-77.8038,,,42.2392,-83.1294,49.3189,-94.8175,40.5879,-95.7527,33.8339,-91.0327,,,,,,,,,43.7344,-72.2694,,,,,,,44.198,-73.3818,,,,,45.9779,-119.0149,,,,,,,,,,,26.2257,-98.6668,,,38.5492,-79.5328,42.7652,-72.5166,45.5833,-122.1089,42.7692,-91.0547,37.8054,-82.3535,,
59.5225,-140.5124,,,,,35.4506,-114.6643,33.0328,-114.6629,,,,,,,28.0574,-83.0017,32.157,-85.0342,,,,,43.833,-117.0325,41.5816,-90.3516,38.3233,-87.835,,,37.7903,-88.0307,29.9811,-93.7985,,,39.4606,-77.7997,,,42.1741,-83.1342,49.3815,-94.9631,40.5795,-94.3135,33.8795,-91.0657,,,,,,,,,43.7741,-72.2035,,,,,,,44.1142,-73.4079,,,,,46.0027,-118.9847,,,,,,,,,,,26.2343,-98.5474,,,38.4557,-79.4724,42.7541,-72.4741,45.5838,-122.1426,42.6915,-90.791,38.0481,-82.5513,,
59.0292,-138.8548,,,,,35.578,-114.6753,33.0501,-114.6451,,,,,,,28.6098,-82.8548,32.25,-84.9023,,,,,43.8632,-117.003,41.7713,-90.2637,38.3567,-87.8137,,,37.6479,-88.1584,30.0144,-93.7601,,,39.5019,-77.7859,,,42.1267,-83.1212,49.3538,-95.04,40.5962,-92.5818,33.9434,-91.0876,,,,,,,,,43.8187,-72.187,,,,,,,44.0511,-73.4367,,,,,45.997,-116.9165,,,,,,,,,,,26.1357,-98.3276,,,38.4149,-79.3103,42.7289,-72.459,45.566,-122.2009,42.634,-90.7031,38.1864,-82.6392,,
57.9032,-136.8526,,,,,35.6171,-114.6547,33.0305,-114.6286,,,,,,,28.9697,-83.0264,32.3974,-84.9628,,,,,43.9073,-116.9776,41.9023,-90.1538,38.3767,-87.7739,,,37.5097,-88.0664,30.0691,-93.7106,,,39.5062,-77.8436,,,42.0411,-83.1493,49.3681,-95.1196,40.614,-91.7358,33.9889,-90.9998,,,,,,,,,43.8672,-72.1843,,,,,,,44.0165,-73.4065,,,,,45.9569,-116.8781,,,,,,,,,,,26.0457,-98.1697,,,38.5138,-79.2087,42.7465,-73.2761,45.5439,-122.2641,42.5096,-90.6303,38.3761,-82.5966,,
56.9157,-136.0725,,,,,35.6528,-114.6918,33.0282,-114.5888,,,,,,,29.0478,-83.205,32.5468,-85.0342,,,,,44.0244,-116.9302,42.0819,-90.1758,38.4116,-87.7444,,,37.4193,-88.418,30.0929,-93.7354,,,39.521,-77.8217,,,41.96,-83.1116,49.3877,-95.1553,,,34.0253,-90.9229,,,,,,,,,43.889,-72.1568,,,,,,,43.9375,-73.4079,,,,,45.8957,-116.8588,,,,,,,,,,,26.0518,-97.9143,,,38.6576,-79.1016,42.8025,-73.2912,45.5482,-122.3321,,,38.4106,-82.4854,,
56.1555,-134.9794,,,,,35.7053,-114.7028,33.0351,-114.575,,,,,,,29.4157,-83.5318,32.6949,-85.1001,,,,,44.0491,-116.9735,42.2021,-90.3598,38.5149,-87.6448,,,37.2784,-88.5086,30.1166,-93.6996,,,39.5337,-77.8354,,,41.7344,-83.4164,48.9991,-95.1553,,,34.0891,-90.9009,,,,,,,,,43.9117,-72.1321,,,,,,,43.8771,-73.3749,,,,,45.8747,-116.8066,,,,,,,,,,,26.005,-97.6643,,,38.6941,-79.0851,42.8357,-73.285,45.5756,-122.3795,,,38.4407,-82.3412,,
55.3237,-134.0057,,,,,35.805,-114.7093,33.0328,-114.5174,,,,,,,29.9133,-83.9767,32.8138,-85.166,,,,,44.1014,-116.933,42.2936,-90.4395,38.546,-87.6723,,,37.1428,-88.4248,30.1997,-93.7271,,,39.5231,-77.8656,,,41.7211,-83.8724,49,-97.2304,,,34.1345,-90.9668,,,,,,,,,43.9454,-72.1198,,,,,,,43.8167,-73.3914,,,,,45.8307,-116.7902,,,,,,,,,,,25.8419,-97.402,,,38.7112,-79.1016,43.0679,-73.2678,45.5636,-122.4392,,,38.589,-82.2876,,
54.6341,-133.6418,,,,,35.8679,-114.6602,32.9718,-114.4913,,,,,,,29.893,-84.1072,32.9833,-85.2072,,,,,44.1561,-116.8945,42.4032,-90.5356,38.5949,-87.6105,,,37.0738,-88.5059,30.2899,-93.7106,,,39.5591,-77.8848,,,41.7057,-84.3736,48.8647,-97.1851,,,34.1709,-90.9119,,,,,,,,,44.0017,-72.117,,,,,,,43.779,-73.3557,,,,,45.8192,-116.7654,,,,,,,,,,,25.9074,-97.3526,,,38.7712,-79.0576,43.5022,-73.2472,45.6006,-122.5676,,,38.5976,-82.1764,,
54.7135,-130.6261,,,,,35.9836,-114.7426,32.9764,-114.4775,,,,,,,29.694,-84.4409,33.6512,-85.3418,,,,,44.1965,-116.9714,42.4843,-90.6564,38.5986,-87.6242,,,37.1461,-88.7421,30.335,-93.7656,,,39.6015,-77.8821,,,41.6965,-84.8062,48.7806,-97.1576,,,34.1345,-90.8501,,,,,,,,,44.0856,-72.047,,,,,,,43.646,-73.4244,,,,,45.8231,-116.7105,,,,,,,,,,,25.9679,-97.0148,,,38.7926,-79.0604,43.5615,-73.2561,45.6236,-122.6891,,,38.798,-82.2148,,
55.2869,-129.993,,,,,36.0891,-114.7536,32.9372,-114.4844,,,,,,,29.4551,-85.0465,34.562,-85.5231,,,,,44.2442,-116.981,,,38.6828,-87.5343,,,37.2249,-88.9522,30.3871,-93.7601,,,39.6078,-77.9974,,,41.7611,-84.8076,48.6683,-97.104,,,34.2277,-90.9338,,,,,,,,,44.1093,-72.0552,,,,,,,43.5893,-73.434,,,,,45.7828,-116.6748,,,,,,,,,,,26.1789,-97.0697,,,38.7926,-79.0247,43.5774,-73.2939,45.6582,-122.7647,,,39.016,-82.028,,
55.9869,-130.0108,,,,,36.1124,-114.6794,32.8427,-114.4679,,,,,,,29.4946,-85.361,34.9929,-85.6068,,,,,44.2486,-117.0339,,,38.7284,-87.5075,,,37.1406,-89.0964,30.4416,-93.6914,,,39.6247,-78.0222,,,41.7621,-87.2067,48.5539,-97.1645,,,34.2833,-90.8267,,,,,,,,,44.1428,-72.0387,,,,,,,43.5655,-73.3969,,,,,45.7828,-116.6144,,,,,,,,,,,26.8253,-97.2249,,,38.8504,-78.9944,43.6271,-73.3049,45.6817,-122.775,,,38.9615,-81.9649,,
56.1057,-130.1083,,,,,36.1423,-114.6327,32.8161,-114.5091,,,,,,,29.7262,-85.5807,,,,,,,44.2304,-117.0525,,,38.7696,-87.4972,,,37.0278,-89.1815,30.5102,-93.7106,,,39.6924,-78.143,,,42.4934,-87.0241,48.2832,-97.1411,,,34.3434,-90.6921,,,,,,,,,44.1763,-72.058,,,,,,,43.6112,-73.3818,,,,,45.7522,-116.543,,,,,,,,,,,27.423,-97.0752,,,38.7637,-78.8736,43.6271,-73.3557,45.7613,-122.7619,,,38.875,-81.8756,,
56.6086,-131.5887,,,,,36.1301,-114.4872,32.785,-114.5311,,,,,,,30.1594,-86.1946,,,,,,,44.2585,-117.0895,,,38.8247,-87.5322,,,36.9488,-89.1032,30.5433,-93.7463,,,39.6945,-78.1924,,,43.3771,-87.1477,48.1578,-97.1397,,,34.3774,-90.6509,,,,,,,,,44.1999,-72.0703,,,,,,,43.6271,-73.3049,,,,,45.6889,-116.5402,,,,,,,,,,,28.0599,-96.6096,,,38.8857,-78.783,43.5675,-73.3976,45.8106,-122.7962,,,38.937,-81.7671,,
57.8404,-132.8755,,,,,36.1445,-114.369,32.7573,-114.5284,,,,,,,30.2175,-86.851,,,,,,,44.2806,-117.1122,,,38.9039,-87.5171,,,36.8214,-89.1733,30.5954,-93.7106,,,39.6839,-78.2062,,,43.7056,-87.1216,47.9633,-97.0587,,,34.3978,-90.6152,,,,,,,,,44.2511,-72.0525,,,,,,,43.5764,-73.3063,,,,,45.6121,-116.4606,,,,,,,,,,,28.4228,-95.9285,,,38.9327,-78.7198,43.5883,-73.4326,45.8642,-122.7839,,,39.0117,-81.7657,,
58.7276,-133.8423,,,,,36.0746,-114.3038,32.7503,-114.5641,,,,,,,30.1499,-87.5171,,,,,,,44.259,-117.1541,,,38.9413,-87.5253,,,36.7411,-89.1925,30.5906,-93.6914,,,39.6839,-78.2419,,,43.9958,-87.0474,47.7098,-96.9434,,,34.4432,-90.5589,,,,,,,,,44.2796,-72.0607,,,,,,,43.5675,-73.2582,,,,,45.5006,-116.5567,,,,,,,,,,,28.7568,-95.3036,,,38.9071,-78.7129,43.6351,-73.4285,45.912,-122.8114,,,39.08,-81.752,,
59.3108,-134.9121,,,,,36.0602,-114.3172,32.7353,-114.6162,,,,,,,30.3006,-87.4429,,,,,,,44.2973,-117.2255,,,38.9712,-87.5281,,,36.6265,-89.2007,30.6545,-93.6859,,,39.6586,-78.2281,,,44.1674,-86.9939,47.5821,-96.8582,,,34.5179,-90.574,,,,,,,,,44.3199,-72.0291,,,,,,,43.5227,-73.2445,,,,,45.464,-116.5567,,,,,,,,,,,29.0742,-94.7296,,,38.985,-78.6291,43.6684,-73.4079,45.9612,-122.8148,,,39.179,-81.7465,,
59.802,-135.4724,,,,,36.0163,-114.2451,32.748,-114.6986,,,,,,,30.4256,-87.375,,,,,,,44.3445,-117.1994,,,38.9872,-87.5761,,,36.5449,-89.2529,30.6781,-93.6365,,,39.6226,-78.2776,,,44.472,-86.8662,47.2345,-96.8335,,,34.588,-90.5823,,,,,,,,,44.3376,-71.9783,,,,,,,43.2582,-73.2582,,,,,45.4447,-116.5869,,,,,,,,,,,29.381,-94.3355,,,38.9658,-78.6044,43.7031,-73.3907,46.016,-122.8587,,,39.2642,-81.5872,,
59.6039,-136.3445,,,,,36.0402,-114.1438,32.7191,-114.722,,,,,,,30.483,-87.3743,,,,,,,44.3813,-117.2372,,,39.0906,-87.6228,,,36.6232,-89.3518,30.7513,-93.62,,,39.6438,-78.3517,,,44.8841,-86.6849,46.6702,-96.8005,,,34.7506,-90.5356,,,,,,,,,44.3592,-71.9289,,,,,,,42.9715,-73.2733,,,,,45.3213,-116.6721,,,,,,,,,,,29.6021,-93.8205,,,39.017,-78.5522,43.7701,-73.3516,46.0604,-122.8848,,,39.3969,-81.4499,,
59.1619,-136.8251,,,,,36.0979,-114.115,32.6868,-115.1944,,,,,,,30.5658,-87.3907,,,,,,,44.4769,-117.2269,,,39.1066,-87.6517,,,36.4986,-89.5345,30.789,-93.5925,,,39.612,-78.3765,,,45.0813,-86.5009,46.5135,-96.7126,,,34.7913,-90.5136,,,,,,,,,44.3366,-71.8712,,,,,,,42.8004,-73.2898,,,,,45.2633,-116.694,,,,,,,,,,,29.8013,-93.9317,,,39.0384,-78.577,43.8207,-73.3928,46.0832,-122.9034,,,39.3481,-81.3675,,
59.2441,-137.6079,,,,,36.1101,-114.1274,32.5121,-117.3395,,,,,,,30.6344,-87.4004,,,,,,,44.5234,-117.1836,,,39.1365,-87.6599,,,,,30.815,-93.5513,,,39.6036,-78.4067,,,45.2353,-86.2495,46.2786,-96.6028,,,34.878,-90.4532,,,,,,,,,44.3572,-71.8135,,,,,,,42.746,-73.2664,,,,,45.1414,-116.7325,,,,,,,,,,,29.9157,-93.8136,,,39.0938,-78.5083,43.8533,-73.3832,46.1028,-122.9597,,,39.4012,-81.237,,
60.0902,-139.2119,,,,,36.119,-114.1054,32.7838,-117.4823,,,,,,,30.6763,-87.4141,,,,,,,44.5376,-117.1458,,,39.1695,-87.6366,,,,,30.8645,-93.5623,,,39.5824,-78.4177,,,45.4438,-86.7563,46.0189,-96.5767,,,34.8476,-90.3543,,,,,,,,,44.3877,-71.8108,,,,,,,42.463,-73.3708,,,,,45.1065,-116.7764,,,,,,,,,,,30.0489,-93.723,,,39.1492,-78.4314,43.9033,-73.3969,46.1556,-123.0579,,,39.4691,-81.1093,,
60.3575,-139.0938,,,,,36.1989,-114.0463,33.0501,-117.5977,,,,,,,30.7702,-87.5253,,,,,,,44.7423,-117.0442,,,39.2493,-87.5899,,,,,30.8881,-93.5788,,,39.575,-78.4245,,,45.4438,-87.0996,45.8173,-96.5891,,,34.8702,-90.2911,,,,,,,,,44.4014,-71.7778,,,,,,,42.084,-73.5095,,,,,45.0696,-116.7847,,,,,,,,,,,30.1214,-93.6996,,,39.1684,-78.4039,43.9365,-73.4086,46.1865,-123.121,,,39.5644,-81.0104,,
60.1866,-140.0056,,,,,36.3638,-114.045,33.2341,-117.6814,,,,,,,30.8527,-87.6256,,,,,,,44.7921,-116.9316,,,39.3492,-87.5336,,,,,30.9187,-93.5541,,,39.5464,-78.4232,,,45.3772,-87.1518,45.6169,-96.8486,,,35.0041,-90.3062,,,,,,,,,44.4122,-71.738,,,,,,,42.0218,-73.4903,,,,,45.0231,-116.8451,,,,,,,,,,,30.2021,-93.7216,,,39.1939,-78.4314,43.9795,-73.4134,46.1893,-123.1664,,,39.612,-80.9198,,
60.3059,-140.9999,,,,,37.0001,-114.0508,33.4578,-118.0591,,,,,,,30.947,-87.5912,,,,,,,44.8568,-116.898,,,41.76,-87.5253,,,,,30.9423,-93.5294,,,39.5146,-78.4698,,,45.3502,-87.171,45.4601,-96.7456,,,,,,,,,,,,,44.4416,-71.6597,,,,,,,41.8808,-73.4999,,,,,44.9765,-116.8616,,,,,,,,,,,30.2792,-93.7038,,,39.347,-78.338,44.0427,-73.4381,46.1446,-123.281,,,39.6522,-80.8319,,
70.0187,-141.0205,,,,,,,33.5403,-118.629,,,,,,,30.9682,-87.5912,,,,,,,44.9356,-116.8327,,,,,,,,,31.0082,-93.576,,,39.5189,-78.5687,,,45.2401,-87.3166,45.3676,-96.5918,,,,,,,,,,,,,44.4642,-71.6542,,,,,,,41.2953,-73.5535,,,,,44.9298,-116.8286,,,,,,,,,,,30.3278,-93.7628,,,39.3853,-78.338,44.1058,-73.4141,46.147,-123.3703,,,39.8054,-80.8072,,
,,,,,,,,33.7928,-118.7073,,,,,,,30.9964,-87.605,,,,,,,44.9624,-116.8513,,,,,,,,,31.0318,-93.5101,,,39.5337,-78.6676,,,45.2024,-87.4059,45.2961,-96.4558,,,,,,,,,,,,,44.5073,-71.5855,,,,,,,41.2128,-73.4834,,,,,44.7955,-116.9302,,,,,,,,,,,30.3835,-93.7587,,,39.4659,-78.3469,44.1921,-73.3928,46.1822,-123.4314,,,39.8802,-80.7893,,
,,,,,,,,33.9582,-119.3706,,,,,,,,,,,,,,,44.9896,-116.8554,,,,,,,,,31.0906,-93.5596,,,39.5888,-78.739,,,45.0774,-87.4416,43.5008,-96.4531,,,,,,,,,,,,,44.5357,-71.5746,,,,,,,41.1011,-73.7275,,,,,44.7487,-117.0346,,,,,,,,,,,30.438,-93.701,,,39.2283,-77.9744,44.2393,-73.3427,46.2293,-123.4287,,,39.8518,-80.799,,
,,,,,,,,34.1925,-120.005,,,,,,,,,,,,,,,45.0313,-116.8417,,,,,,,,,31.1211,-93.5321,,,39.6015,-78.772,,,45.091,-87.5912,,,,,,,,,,,,,,,44.5601,-71.6048,,,,,,,41.0237,-73.6644,,,,,44.5787,-117.1225,,,,,,,,,,,30.5079,-93.7024,,,39.1338,-77.8302,44.2467,-73.3186,46.2691,-123.4946,,,40.098,-80.7495,,
,,,,,,,,34.2561,-120.7164,,,,,,,,,,,,,,,45.0968,-116.7819,,,,,,,,,31.1799,-93.5349,,,39.6184,-78.7363,,,45.1036,-87.6407,,,,,,,,,,,,,,,44.568,-71.5897,,,,,,,40.9851,-73.6578,,,,,44.5455,-117.1445,,,,,,,,,,,30.5362,-93.7299,,,39.313,-77.7355,44.3484,-73.3406,46.2582,-123.5557,,,40.2282,-80.7262,,
,,,,,,,,34.536,-120.9128,,,,,,,,,,,,,,,45.1627,-116.7229,,,,,,,,,31.1658,-93.5953,,,39.6438,-78.7775,,,45.2207,-87.697,,,,,,,,,,,,,,,44.568,-71.5649,,,,,,,40.9509,-73.6132,,,,,44.4847,-117.2076,,,,,,,,,,,30.6296,-93.6694,,,39.3213,-77.709,44.369,-73.3385,46.2573,-123.6209,,,40.3926,-80.6918,,
,,,,,,,,34.9749,-120.8427,,,,,,,,,,,,,,,45.2178,-116.7105,,,,,,,,,31.2292,-93.6282,,,39.6036,-78.7912,,,45.3367,-87.6476,,,,,,,,,,,,,,,44.5914,-71.5485,,,,,,,41.1869,-72.4823,,,,,44.4789,-117.2269,,,,,,,,,,,30.7466,-93.609,,,39.3043,-77.6218,44.4328,-73.2946,46.2497,-123.6875,,,40.591,-80.6451,,
,,,,,,,,35.2131,-121.1325,,,,,,,,,,,,,,,45.3213,-116.6741,,,,,,,,,31.2668,-93.6118,,,39.6036,-78.8187,,,45.3878,-87.6984,,,,,,,,,,,,,,,44.5993,-71.5649,,,,,,,41.2551,-72.095,,,,,44.4063,-117.2269,,,,,,,,,,,30.8114,-93.5527,,,39.3067,-77.5686,44.5367,-73.3296,46.2691,-123.7404,,,40.6338,-80.5188,,
,,,,,,,,35.5255,-121.322,,,,,,,,,,,,,,,45.3984,-116.6185,,,,,,,,,31.3044,-93.6859,,,39.5549,-78.8571,,,45.3425,-87.8494,,,,,,,,,,,,,,,44.6315,-71.554,,,,,,,41.3005,-71.9714,,,,,44.3926,-117.2488,,,,,,,,,,,30.8834,-93.5747,,,39.2248,-77.4567,44.5919,-73.3832,46.235,-123.8729,,,39.7241,-80.5174,,
,,,,,,,,35.9691,-121.8013,,,,,,,,,,,,,,,45.4433,-116.5883,,,,,,,,,31.3888,-93.6694,,,39.4913,-78.9203,,,45.5025,-87.7959,,,,,,,,,,,,,,,44.6608,-71.5924,,,,,,,41.3108,-71.9193,,,,,44.3455,-117.1939,,,,,,,,,,,30.9376,-93.5307,,,39.1543,-77.5226,44.6569,-73.377,46.2383,-123.9292,,,39.7209,-79.4778,,
,,,,,,,,36.2808,-122.1446,,,,,,,,,,,,,,,45.463,-116.5553,,,,,,,,,31.424,-93.7051,,,39.4426,-78.9725,,,45.6726,-87.789,,,,,,,,,,,,,,,44.7243,-71.613,,,,,,,41.1838,-71.7915,,,,,44.2983,-117.2269,,,,,,,,,,,31.0318,-93.5074,,,39.1277,-77.5243,44.7477,-73.3681,46.2677,-123.9711,,,,,,
,,,,,,,,36.7268,-122.1721,,,,,,,,,,,,,,,45.5371,-116.5334,,,,,,,,,31.4427,-93.6859,,,39.4834,-79.0542,,,45.757,-87.9318,,,,,,,,,,,,,,,44.7526,-71.6364,,,,,,,41.1249,-71.7929,,,,,44.257,-117.1774,,,,,,,,,,,31.0812,-93.5266,,,39.0914,-77.4687,44.7857,-73.3317,46.2924,-124.0212,,,,,,
,,,,,,,,37.2227,-122.6871,,,,,,,,,,,,,,,45.614,-116.464,,,,,,,,,31.4755,-93.7573,,,39.4738,-79.0604,,,45.7953,-87.9922,,,,,,,,,,,,,,,44.8198,-71.5746,,,,,,,41.0462,-71.7517,,,,,44.2609,-117.1445,,,,,,,,,,,31.1787,-93.5335,,,39.072,-77.4485,44.8043,-73.3324,46.2653,-124.0329,,,,,,
,,,,,,,,37.7783,-122.8903,,,,,,,,,,,,,,,45.6904,-116.5354,,,,,,,,,31.5083,-93.7189,,,39.4553,-79.1043,,,45.8058,-88.1186,,,,,,,,,,,,,,,44.8325,-71.5526,,,,,,,40.6306,-72.9465,,,,,44.2806,-117.1005,,,,,,,,,,,31.167,-93.598,,,39.0634,-77.3427,44.8398,-73.3818,46.2596,-124.2444,,,,,,
,,,,,,,,37.8965,-123.2378,,,,,,,,,,,,,,,45.734,-116.5354,,,,,,,,,31.5411,-93.804,,,39.3853,-79.1936,,,45.8585,-88.087,,,,,,,,,,,,,,,44.8539,-71.5553,,,,,,,40.5368,-73.4628,,,,,44.2314,-117.0511,,,,,,,,,,,31.3055,-93.6832,,,39.0456,-77.2936,44.904,-73.3564,46.4312,-124.2691,,,,,,
,,,,,,,,38.3449,-123.3202,,,,,,,,,,,,,,,45.7541,-116.5594,,,,,,,,,31.6113,-93.8425,,,39.3449,-79.2705,,,45.9531,-88.1955,,,,,,,,,,,,,,,44.8744,-71.5279,,,,,,,40.4887,-73.8885,,,,,44.2491,-117.0428,,,,,,,,,,,31.383,-93.6708,,,39.0168,-77.2459,44.9181,-73.3392,46.8386,-124.3529,,,,,,
,,,,,,,,38.7423,-123.8338,,,,,,,,,,,,,,,45.7843,-116.6357,,,,,,,,,31.6581,-93.8205,,,39.3014,-79.3282,,,45.9722,-88.3438,,,,,,,,,,,,,,,44.9123,-71.5018,,,,,,,40.5232,-73.949,,,,,44.2432,-116.9797,,,,,,,,,,,31.4369,-93.6887,,,38.9829,-77.2445,44.9643,-73.3372,47.1832,-124.438,,,,,,
,,,,,,,,38.9946,-123.9793,,,,,,,,,,,,,,,45.7781,-116.5965,,,,,,,,,31.7071,-93.7985,,,39.2535,-79.4044,,,45.9836,-88.3891,,,,,,,,,,,,,,,44.9366,-71.5182,,,,,,,40.4772,-74.2271,,,,,44.194,-116.9742,,,,,,,,,,,31.5107,-93.7202,,,38.968,-77.1834,44.9799,-73.3537,47.4689,-124.5616,,,,,,
,,,,,,,,39.3088,-124.0329,,,,,,,,,,,,,,,45.7805,-116.6597,,,,,,,,,31.8029,-93.848,,,39.2073,-79.4696,,,46.0113,-88.5457,,,,,,,,,,,,,,,44.9697,-71.5237,,,,,,,40.4861,-74.2532,,,,,44.1664,-116.8945,,,,,,,,,,,31.582,-93.8315,,,38.925,-77.112,45.0046,-73.3447,47.8012,-124.7566,,,,,,
,,,,,,,,39.7642,-124.0823,,,,,,,,,,,,,,,45.8259,-116.7105,,,,,,,,,31.8892,-93.9029,,,39.2051,-79.4861,,,45.997,-88.7022,,,,,,,,,,,,,,,44.9862,-71.5443,,,,,,,40.6468,-74.1866,,,,,44.0935,-116.933,,,,,,,,,,,31.644,-93.8123,,,38.8798,-77.0464,45.0109,-73.3447,48.0423,-124.8679,,,,,,
,,,,,,,,40.1663,-124.5314,,,,,,,,,,,,,,,45.8159,-116.7586,,,,,,,,,31.9149,-93.9606,,,39.2546,-79.4861,,,46.0227,-88.8135,,,,,,,,,,,,,,,45.0017,-71.5237,,,,,,,40.6556,-74.0547,,,,,44.0836,-116.9714,,,,,,,,,,,31.7188,-93.8232,,,38.7538,-77.0444,45.0104,-73.3426,48.2457,-124.8679,,,,,,
,,,,,,,,40.4658,-124.6509,,,,,,,,,,,,,,,45.8341,-116.7908,,,,,,,,,32.0081,-94.043,,,39.3444,-79.4854,,,46.0418,-88.8547,,,,,,,,,,,,,,,45.0163,-71.5045,,,,,,,40.7618,-74.0156,,,,,44.0521,-116.9879,,,,,,,,,,,31.7936,-93.8342,,,38.7142,-77.0409,,,48.3727,-124.8486,,,,,,
,,,,,,,,41.011,-124.3144,,,,,,,,,,,,,,,45.8642,-116.8046,,,,,,,,,32.7041,-94.043,,,39.3454,-79.484,,,46.1408,-89.0936,,,,,,,,,,,,,,,,,,,,,,,40.8699,-73.9421,,,,,44.0244,-116.9302,,,,,,,,,,,31.8309,-93.8782,,,38.6635,-77.1312,,,48.4984,-124.7539,,,,,,
,,,,,,,,41.2386,-124.3419,,,,,,,,,,,,,,,45.9053,-116.8595,,,,,,,,,33.0225,-94.043,,,39.5316,-79.4833,,,46.3384,-90.1222,,,,,,,,,,,,,,,,,,,,,,,40.998,-73.8934,,,,,43.9533,-116.9659,,,,,,,,,,,31.8869,-93.9221,,,38.6319,-77.1285,,,48.4096,-124.4174,,,,,,
,,,,,,,,41.717,-124.4545,,,,,,,,,,,,,,,45.9545,-116.8739,,,,,,,,,,,,,39.7214,-79.4772,,,46.5692,-90.4175,,,,,,,,,,,,,,,,,,,,,,,41.0343,-73.9854,,,,,43.8207,-117.0209,,,,,,,,,,,31.9335,-93.9661,,,38.5935,-77.2456,,,48.3599,-124.2389,,,,,,
,,,,,,,,41.9983,-124.4009,,,,,,,,,,,,,,,45.9769,-116.8925,,,,,,,,,,,,,,,,,46.9034,-90.2019,,,,,,,,,,,,,,,,,,,,,,,41.3268,-74.6274,,,,,43.6639,-117.0264,,,,,,,,,,,32.0081,-94.043,,,38.4547,-77.3094,,,48.2964,-124.0116,,,,,,
,,,,,,,,,,,,,,,,,,,,,,,,46.0218,-116.9302,,,,,,,,,,,,,,,,,47.2913,-89.9547,,,,,,,,,,,,,,,,,,,,,,,41.3583,-74.7084,,,,,42.0024,-117.0264,,,,,,,,,,,33.4681,-94.043,,,38.3904,-77.3046,,,48.2795,-123.9141,,,,,,
,,,,,,,,,,,,,,,,,,,,,,,,46.0932,-116.9838,,,,,,,,,,,,,,,,,48.0129,-89.4946,,,,,,,,,,,,,,,,,,,,,,,41.3811,-74.7101,,,,,41.9983,-121.2836,,,,,,,,,,,33.5414,-94.043,,,38.35,-77.2188,,,48.2247,-123.5413,,,,,,
,,,,,,,,,,,,,,,,,,,,,,,,46.1385,-116.9344,,,,,,,,,,,,,,,,,47.9743,-89.3381,,,,,,,,,,,,,,,,,,,,,,,41.4386,-74.8265,,,,,42.0085,-122.5003,,,,,,,,,,,33.5689,-94.1528,,,38.4041,-77.0622,,,48.2539,-123.3998,,,,,,
,,,,,,,,,,,,,,,,,,,,,,,,46.1727,-116.9268,,,,,,,,,,,,,,,,,48.2448,-88.6761,,,,,,,,,,,,,,,,,,,,,,,41.5075,-74.9913,,,,,42.0064,-123.0798,,,,,,,,,,,33.5872,-94.1968,,,38.4256,-77.0265,,,48.2841,-123.2501,,,,,,
,,,,,,,,,,,,,,,,,,,,,,,,46.2007,-116.9646,,,,,,,,,,,,,,,,,48.3042,-88.3726,,,,,,,,,,,,,,,,,,,,,,,41.6,-75.0668,,,,,42.0105,-123.154,,,,,,,,,,,33.5872,-94.2627,,,38.3039,-76.9826,,,48.4233,-123.1169,,,,,,
,,,,,,,,,,,,,,,,,,,,,,,,46.2435,-116.9591,,,,,,,,,,,,,,,,,,,,,,,,,,,,,,,,,,,,,,,,,41.6719,-75.0366,,,,,42.0044,-123.2419,,,,,,,,,,,33.5689,-94.3176,,,38.2155,-76.8851,,,48.4533,-123.1609,,,,,,
,,,,,,,,,,,,,,,,,,,,,,,,46.2782,-116.992,,,,,,,,,,,,,,,,,,,,,,,,,,,,,,,,,,,,,,,,,41.7672,-75.0545,,,,,42.0024,-123.6209,,,,,,,,,,,33.5597,-94.3945,,,38.1745,-76.5926,,,48.5548,-123.222,,,,,,
,,,,,,,,,,,,,,,,,,,,,,,,46.3152,-117.0209,,,,,,,,,,,,,,,,,,,,,,,,,,,,,,,,,,,,,,,,,41.8808,-75.1945,,,,,41.9952,-124.3982,,,,,,,,,,,33.578,-94.4275,,,37.9496,-76.2424,,,48.5902,-123.2336,,,,,,
,,,,,,,,,,,,,,,,,,,,,,,,46.3446,-117.0511,,,,,,,,,,,,,,,,,,,,,,,,,,,,,,,,,,,,,,,,,42.0013,-75.3552,,,,,42.1593,-124.5493,,,,,,,,,,,33.6055,-94.4275,,,37.9561,-76.0501,,,48.6901,-123.2721,,,,,,
,,,,,,,,,,,,,,,,,,,,,,,,46.427,-117.0408,,,,,,,,,,,,,,,,,,,,,,,,,,,,,,,,,,,,,,,,,42.0003,-75.4266,,,,,42.6521,-124.5877,,,,,,,,,,,33.6421,-94.4495,,,37.9474,-75.9416,,,48.7675,-123.0084,,,,,,
,,,,,,,,,,,,,,,,,,,,,,,,46.9451,-117.0394,,,,,,,,,,,,,,,,,,,,,,,,,,,,,,,,,,,,,,,,,42.0013,-77.0306,,,,,42.8115,-124.7305,,,,,,,,,,,33.6329,-94.4879,,,37.9085,-75.9512,,,48.8313,-123.0084,,,,,,
,,,,,,,,,,,,,,,,,,,,,,,,48.9996,-117.0319,,,,,,,,,,,,,,,,,,,,,,,,,,,,,,,,,,,,,,,,,41.9993,-79.725,,,,,43.7552,-124.4119,,,,,,,,,,,33.6421,-94.5236,,,37.9139,-75.8002,,,49.0023,-123.3215,,,,,,
,,,,,,,,,,,,,,,,,,,,,,,,,,,,,,,,,,,,,,,,,,,,,,,,,,,,,,,,,,,,,,,,,,42.0003,-79.7621,,,,,46.0065,-124.2554,,,,,,,,,,,33.6695,-94.6637,,,37.9539,-75.6931,,,,,,,,,,
,,,,,,,,,,,,,,,,,,,,,,,,,,,,,,,,,,,,,,,,,,,,,,,,,,,,,,,,,,,,,,,,,,42.1827,-79.7621,,,,,46.2587,-124.2444,,,,,,,,,,,33.7061,-94.7461,,,37.9474,-75.6477,,,,,,,,,,
,,,,,,,,,,,,,,,,,,,,,,,,,,,,,,,,,,,,,,,,,,,,,,,,,,,,,,,,,,,,,,,,,,42.5146,-79.7621,,,,,,,,,,,,,,,,,33.7791,-94.8999,,,37.9962,-75.6258,,,,,,,,,,
,,,,,,,,,,,,,,,,,,,,,,,,,,,,,,,,,,,,,,,,,,,,,,,,,,,,,,,,,,,,,,,,,,,,,,,,,,,,,,,,,,,,33.8818,-95.0757,,,38.0091,-75.4596,,,,,,,,,,
,,,,,,,,,,,,,,,,,,,,,,,,,,,,,,,,,,,,,,,,,,,,,,,,,,,,,,,,,,,,,,,,,,,,,,,,,,,,,,,,,,,,33.9251,-95.1526,,,38.0373,-74.9707,,,,,,,,,,
,,,,,,,,,,,,,,,,,,,,,,,,,,,,,,,,,,,,,,,,,,,,,,,,,,,,,,,,,,,,,,,,,,,,,,,,,,,,,,,,,,,,33.9604,-95.2254,,,37.3625,-75.5777,,,,,,,,,,
,,,,,,,,,,,,,,,,,,,,,,,,,,,,,,,,,,,,,,,,,,,,,,,,,,,,,,,,,,,,,,,,,,,,,,,,,,,,,,,,,,,,33.875,-95.2858,,,36.8994,-75.818,,,,,,,,,,
,,,,,,,,,,,,,,,,,,,,,,,,,,,,,,,,,,,,,,,,,,,,,,,,,,,,,,,,,,,,,,,,,,,,,,,,,,,,,,,,,,,,33.8841,-95.5399,,,36.5516,-75.8043,,,,,,,,,,
,,,,,,,,,,,,,,,,,,,,,,,,,,,,,,,,,,,,,,,,,,,,,,,,,,,,,,,,,,,,,,,,,,,,,,,,,,,,,,,,,,,,33.8887,-95.7568,,,36.5516,-76.1476,,,,,,,,,,
,,,,,,,,,,,,,,,,,,,,,,,,,,,,,,,,,,,,,,,,,,,,,,,,,,,,,,,,,,,,,,,,,,,,,,,,,,,,,,,,,,,,33.8408,-95.842,,,36.5516,-76.8617,,,,,,,,,,
,,,,,,,,,,,,,,,,,,,,,,,,,,,,,,,,,,,,,,,,,,,,,,,,,,,,,,,,,,,,,,,,,,,,,,,,,,,,,,,,,,,,33.8556,-96.0274,,,36.5516,-76.918,,,,,,,,,,
,,,,,,,,,,,,,,,,,,,,,,,,,,,,,,,,,,,,,,,,,,,,,,,,,,,,,,,,,,,,,,,,,,,,,,,,,,,,,,,,,,,,33.6901,-96.3528,,,36.5438,-76.918,,,,,,,,,,
,,,,,,,,,,,,,,,,,,,,,,,,,,,,,,,,,,,,,,,,,,,,,,,,,,,,,,,,,,,,,,,,,,,,,,,,,,,,,,,,,,,,33.8442,-96.6179,,,36.5505,-77.1803,,,,,,,,,,
,,,,,,,,,,,,,,,,,,,,,,,,,,,,,,,,,,,,,,,,,,,,,,,,,,,,,,,,,,,,,,,,,,,,,,,,,,,,,,,,,,,,33.8898,-96.5836,,,36.5449,-77.5278,,,,,,,,,,
,,,,,,,,,,,,,,,,,,,,,,,,,,,,,,,,,,,,,,,,,,,,,,,,,,,,,,,,,,,,,,,,,,,,,,,,,,,,,,,,,,,,33.8955,-96.6673,,,36.5427,-80.273,,,,,,,,,,
,,,,,,,,,,,,,,,,,,,,,,,,,,,,,,,,,,,,,,,,,,,,,,,,,,,,,,,,,,,,,,,,,,,,,,,,,,,,,,,,,,,,33.8179,-96.7538,,,36.5571,-80.5971,,,,,,,,,,
,,,,,,,,,,,,,,,,,,,,,,,,,,,,,,,,,,,,,,,,,,,,,,,,,,,,,,,,,,,,,,,,,,,,,,,,,,,,,,,,,,,,33.8613,-96.8335,,,36.5626,-80.7248,,,,,,,,,,
,,,,,,,,,,,,,,,,,,,,,,,,,,,,,,,,,,,,,,,,,,,,,,,,,,,,,,,,,,,,,,,,,,,,,,,,,,,,,,,,,,,,33.8613,-96.8774,,,36.5593,-80.8511,,,,,,,,,,
,,,,,,,,,,,,,,,,,,,,,,,,,,,,,,,,,,,,,,,,,,,,,,,,,,,,,,,,,,,,,,,,,,,,,,,,,,,,,,,,,,,,33.9388,-96.9159,,,36.5681,-81.1066,,,,,,,,,,
,,,,,,,,,,,,,,,,,,,,,,,,,,,,,,,,,,,,,,,,,,,,,,,,,,,,,,,,,,,,,,,,,,,,,,,,,,,,,,,,,,,,33.7392,-97.0917,,,36.5813,-81.4746,,,,,,,,,,
,,,,,,,,,,,,,,,,,,,,,,,,,,,,,,,,,,,,,,,,,,,,,,,,,,,,,,,,,,,,,,,,,,,,,,,,,,,,,,,,,,,,33.7449,-97.1645,,,36.5802,-81.5007,,,,,,,,,,
,,,,,,,,,,,,,,,,,,,,,,,,,,,,,,,,,,,,,,,,,,,,,,,,,,,,,,,,,,,,,,,,,,,,,,,,,,,,,,,,,,,,33.8978,-97.218,,,36.5902,-81.6792,,,,,,,,,,
,,,,,,,,,,,,,,,,,,,,,,,,,,,,,,,,,,,,,,,,,,,,,,,,,,,,,,,,,,,,,,,,,,,,,,,,,,,,,,,,,,,,33.8225,-97.3746,,,36.6122,-81.6476,,,,,,,,,,
,,,,,,,,,,,,,,,,,,,,,,,,,,,,,,,,,,,,,,,,,,,,,,,,,,,,,,,,,,,,,,,,,,,,,,,,,,,,,,,,,,,,33.8305,-97.4611,,,36.6177,-81.9237,,,,,,,,,,
,,,,,,,,,,,,,,,,,,,,,,,,,,,,,,,,,,,,,,,,,,,,,,,,,,,,,,,,,,,,,,,,,,,,,,,,,,,,,,,,,,,,33.8761,-97.446,,,36.5935,-81.936,,,,,,,,,,
,,,,,,,,,,,,,,,,,,,,,,,,,,,,,,,,,,,,,,,,,,,,,,,,,,,,,,,,,,,,,,,,,,,,,,,,,,,,,,,,,,,,33.9798,-97.6945,,,36.5957,-82.3961,,,,,,,,,,
,,,,,,,,,,,,,,,,,,,,,,,,,,,,,,,,,,,,,,,,,,,,,,,,,,,,,,,,,,,,,,,,,,,,,,,,,,,,,,,,,,,,33.8476,-97.8648,,,36.5935,-82.9344,,,,,,,,,,
,,,,,,,,,,,,,,,,,,,,,,,,,,,,,,,,,,,,,,,,,,,,,,,,,,,,,,,,,,,,,,,,,,,,,,,,,,,,,,,,,,,,33.8978,-97.9651,,,36.5957,-83.2654,,,,,,,,,,
,,,,,,,,,,,,,,,,,,,,,,,,,,,,,,,,,,,,,,,,,,,,,,,,,,,,,,,,,,,,,,,,,,,,,,,,,,,,,,,,,,,,34.0299,-98.0983,,,36.6023,-83.6746,,,,,,,,,,
,,,,,,,,,,,,,,,,,,,,,,,,,,,,,,,,,,,,,,,,,,,,,,,,,,,,,,,,,,,,,,,,,,,,,,,,,,,,,,,,,,,,34.1141,-98.1752,,,,,,,,,,,,,,
,,,,,,,,,,,,,,,,,,,,,,,,,,,,,,,,,,,,,,,,,,,,,,,,,,,,,,,,,,,,,,,,,,,,,,,,,,,,,,,,,,,,34.1425,-98.3743,,,,,,,,,,,,,,
,,,,,,,,,,,,,,,,,,,,,,,,,,,,,,,,,,,,,,,,,,,,,,,,,,,,,,,,,,,,,,,,,,,,,,,,,,,,,,,,,,,,34.064,-98.4773,,,,,,,,,,,,,,
,,,,,,,,,,,,,,,,,,,,,,,,,,,,,,,,,,,,,,,,,,,,,,,,,,,,,,,,,,,,,,,,,,,,,,,,,,,,,,,,,,,,34.1209,-98.5529,,,,,,,,,,,,,,
,,,,,,,,,,,,,,,,,,,,,,,,,,,,,,,,,,,,,,,,,,,,,,,,,,,,,,,,,,,,,,,,,,,,,,,,,,,,,,,,,,,,34.1232,-98.752,,,,,,,,,,,,,,
,,,,,,,,,,,,,,,,,,,,,,,,,,,,,,,,,,,,,,,,,,,,,,,,,,,,,,,,,,,,,,,,,,,,,,,,,,,,,,,,,,,,34.2095,-98.9539,,,,,,,,,,,,,,
,,,,,,,,,,,,,,,,,,,,,,,,,,,,,,,,,,,,,,,,,,,,,,,,,,,,,,,,,,,,,,,,,,,,,,,,,,,,,,,,,,,,34.2073,-99.0637,,,,,,,,,,,,,,
,,,,,,,,,,,,,,,,,,,,,,,,,,,,,,,,,,,,,,,,,,,,,,,,,,,,,,,,,,,,,,,,,,,,,,,,,,,,,,,,,,,,34.2141,-99.1832,,,,,,,,,,,,,,
,,,,,,,,,,,,,,,,,,,,,,,,,,,,,,,,,,,,,,,,,,,,,,,,,,,,,,,,,,,,,,,,,,,,,,,,,,,,,,,,,,,,34.3593,-99.2505,,,,,,,,,,,,,,
,,,,,,,,,,,,,,,,,,,,,,,,,,,,,,,,,,,,,,,,,,,,,,,,,,,,,,,,,,,,,,,,,,,,,,,,,,,,,,,,,,,,34.4613,-99.3823,,,,,,,,,,,,,,
,,,,,,,,,,,,,,,,,,,,,,,,,,,,,,,,,,,,,,,,,,,,,,,,,,,,,,,,,,,,,,,,,,,,,,,,,,,,,,,,,,,,34.3774,-99.4318,,,,,,,,,,,,,,
,,,,,,,,,,,,,,,,,,,,,,,,,,,,,,,,,,,,,,,,,,,,,,,,,,,,,,,,,,,,,,,,,,,,,,,,,,,,,,,,,,,,34.416,-99.5718,,,,,,,,,,,,,,
,,,,,,,,,,,,,,,,,,,,,,,,,,,,,,,,,,,,,,,,,,,,,,,,,,,,,,,,,,,,,,,,,,,,,,,,,,,,,,,,,,,,34.3706,-99.6158,,,,,,,,,,,,,,
,,,,,,,,,,,,,,,,,,,,,,,,,,,,,,,,,,,,,,,,,,,,,,,,,,,,,,,,,,,,,,,,,,,,,,,,,,,,,,,,,,,,34.4726,-99.8094,,,,,,,,,,,,,,
,,,,,,,,,,,,,,,,,,,,,,,,,,,,,,,,,,,,,,,,,,,,,,,,,,,,,,,,,,,,,,,,,,,,,,,,,,,,,,,,,,,,34.5631,-99.9934,,,,,,,,,,,,,,
,,,,,,,,,,,,,,,,,,,,,,,,,,,,,,,,,,,,,,,,,,,,,,,,,,,,,,,,,,,,,,,,,,,,,,,,,,,,,,,,,,,,36.4975,-100.0017,,,,,,,,,,,,,,
,,,,,,,,,,,,,,,,,,,,,,,,,,,,,,,,,,,,,,,,,,,,,,,,,,,,,,,,,,,,,,,,,,,,,,,,,,,,,,,,,,,,36.5008,-103.0408,,,,,,,,,,,,,,
,,,,,,,,,,,,,,,,,,,,,,,,,,,,,,,,,,,,,,,,,,,,,,,,,,,,,,,,,,,,,,,,,,,,,,,,,,,,,,,,,,,,32.0011,-103.0655,,,,,,,,,,,,,,
,,,,,,,,,,,,,,,,,,,,,,,,,,,,,,,,,,,,,,,,,,,,,,,,,,,,,,,,,,,,,,,,,,,,,,,,,,,,,,,,,,,,32.0023,-106.6168,,,,,,,,,,,,,,
